wine,price,country,rating
Siepi,168.75,Italie,4.4
Tignanello,750.0,Italie,4.5
Tenuta Nuova Brunello di Montalcino,420.0,Italie,4.5
Altero Brunello di Montalcino,121.25,Italie,4.4
Saint-Émilion Grand Cru (Premier Grand Cru Classé),726.25,France,4.6
Hermitage La Chapelle Rouge,310.0,France,4.3
Barolo Rocche,202.5,Italie,4.4
Montepulciano d'Abruzzo,248.25,Italie,4.2
Vürsù Barbaresco Starderi,262.5,Italie,4.4
Barolo Rocche,276.25,Italie,4.4
Brunello di Montalcino,367.5,Italie,4.4
Pauillac (Premier Grand Cru Classé),2753.75,France,4.6
Sassicaia,661.25,Italie,4.6
Bolgheri Superiore,1238.75,Italie,4.6
Carruades de Lafite Pauillac,731.25,France,4.4
5 Stelle Sfursat,130.0,Italie,4.5
Barbaresco,533.75,Italie,4.5
Sperss Barolo,618.75,Italie,4.6
Darmagi Langhe,420.0,Italie,4.5
Vigna Cappella di S. Stefano Perno Barolo,148.75,Italie,4.4
Cristal Brut Champagne (Millésimé),896.25,France,4.6
Cristal Rosé Brut Champagne (Millésimé),3202.5,France,4.6
Vürsù Barbaresco Starderi,256.25,Italie,4.4
Costa Russi (Barbaresco) Langhe,811.25,Italie,4.6
Barbaresco,533.75,Italie,4.5
Sassicaia,1408.75,Italie,4.6
Sassicaia,1686.25,Italie,4.6
Sassicaia,747.5,Italie,4.6
Sassicaia,618.75,Italie,4.6
Sassicaia,618.75,Italie,4.6
Sassicaia,1537.5,Italie,4.6
Barolo Ginestra Vigna del Gris,243.75,Italie,4.3
Barolo Rocche,276.25,Italie,4.4
Vürsù Barbaresco Valeirano,208.75,Italie,4.4
Amarone della Valpolicella Classico,212.5,Italie,4.4
Bric Dël Fiasc Barolo,221.25,Italie,4.3
Redigaffi Toscana,493.75,Italie,4.5
Barbaresco,533.75,Italie,4.5
Barbaresco,1025.0,Italie,4.5
Redigaffi Toscana,921.25,Italie,4.5
Darmagi Langhe,353.75,Italie,4.5
Barbaresco,491.25,Italie,4.5
Costa Russi (Barbaresco) Langhe,1387.5,Italie,4.6
25 anni Montefalco Sagrantino,85.0,Italie,4.3
Sorì Tildìn (Barbaresco) Langhe,597.5,Italie,4.6
Barbaresco,512.5,Italie,4.5
Sorì Tildìn (Barbaresco) Langhe,811.25,Italie,4.6
Tignanello,491.25,Italie,4.5
Cristal Brut Champagne (Millésimé),1900.0,France,4.6
Cristal Brut Champagne (Millésimé),630.0,France,4.6
Pauillac (Premier Grand Cru Classé),1238.75,France,4.6
Pauillac (Premier Grand Cru Classé),5977.5,France,4.6
Pauillac (Premier Grand Cru Classé),1082.55,France,4.6
Pauillac (Premier Grand Cru Classé),635.25,France,4.6
Brunello di Montalcino,142.5,Italie,4.3
Altero Brunello di Montalcino,123.75,Italie,4.4
Barolo Bricco Gattera,250.0,Italie,4.4
Special Selection Cabernet Sauvignon,397.5,États-Unis,4.7
Sperss Barolo,533.75,Italie,4.6
Vürsù Barbaresco Starderi,307.5,Italie,4.4
Pauillac (Premier Grand Cru Classé),1900.0,France,4.6
Pauillac (Premier Grand Cru Classé),1387.5,France,4.6
Pauillac (Premier Grand Cru Classé),1473.75,France,4.6
Cuvée Nicolas François Billecart Brut Champagne,360.0,France,4.5
Scrio,243.75,Italie,4.3
Messorio,420.0,Italie,4.5
Tignanello,840.0,Italie,4.5
Cepparello Red,148.75,Italie,4.3
Tignanello,287.5,Italie,4.5
Barbaresco,491.25,Italie,4.5
Messorio,618.75,Italie,4.5
Clos du Mesnil,5017.5,France,4.7
Collection,2455.0,France,4.7
Barolo Cascina Francia,597.5,Italie,4.5
Pessac-Léognan (Grand Cru Classé de Graves),150.05,France,4.4
Brunello di Montalcino Riserva,795.0,Italie,4.6
Romanée-Saint-Vivant Grand Cru (Marey-Monge),8463.75,France,4.7
Clos des Lambrays Grand Cru,1878.75,France,4.4
Barolo Riserva Monfortino,2747.5,Italie,4.7
Saint-Julien (Grand Cru Classé),205.0,France,4.3
Châteauneuf-du-Pape,3308.75,France,4.7
Amarone della Valpolicella Monte Lodoletta,683.75,Italie,4.7
Valpolicella Superiore Monte Lodoletta,243.75,Italie,4.5
Recioto della Valpolicella (Monte Lodoletta),376.25,Italie,4.6
Barolo Ciabot Mentin Ginestra,168.75,Italie,4.3
Lupicaia,243.75,Italie,4.4
Cabernet Sauvignon,201.25,États-Unis,4.5
Amarone della Valpolicella Monte Lodoletta,795.0,Italie,4.7
Amarone della Valpolicella Monte Lodoletta,786.25,Italie,4.7
Valpolicella Superiore Monte Lodoletta,212.5,Italie,4.5
L'Apparita,287.5,Italie,4.4
Clos des Lambrays Grand Cru,1686.25,France,4.4
L'Extravagant de Doisy-Daëne Sauternes,276.25,France,4.6
Clos de la Coulée de Serrant,265.0,France,4.3
Tenuta Tignanello 'Solaia',1473.75,Italie,4.6
Veneto Rosso del Bepi,243.75,Italie,4.6
Vosne-Romanée 1er Cru 'Aux Malconsorts',2092.5,France,4.5
Tenuta Tignanello 'Solaia',1387.5,Italie,4.6
Cerretalto Brunello di Montalcino,533.75,Italie,4.7
Cristal Brut Champagne (Millésimé),2071.25,France,4.6
Vintage,1260.0,France,4.6
Clos du Mesnil,3522.5,France,4.7
Barolo Rocche,208.75,Italie,4.4
Brunello di Montalcino Riserva,127.5,Italie,4.4
Barolo Sorì Ginestra,271.25,Italie,4.3
Château Margaux (Premier Grand Cru Classé),1067.5,France,4.6
Collection,2028.75,France,4.7
Colheita Port,147.82,Portugal,4.2
Bolgheri Superiore,291.25,Italie,4.3
Amarone della Valpolicella Monte Lodoletta,697.5,Italie,4.7
Pomerol,747.5,France,4.4
Châteauneuf-du-Pape,310.0,France,4.4
Le Mesnil Blanc de Blancs (Cuvée S) Brut Champagne,2882.5,France,4.7
Saint-Julien (Grand Cru Classé),406.25,France,4.4
Galatrona,310.0,Italie,4.3
Tenuta Tignanello 'Solaia',668.75,Italie,4.6
Barbaresco,470.0,Italie,4.5
Sorì San Lorenzo,917.5,Italie,4.6
Grand Vin de Château Palmer (Grand Cru Classé),630.0,France,4.5
Sassicaia,618.75,Italie,4.6
Messorio,420.0,Italie,4.5
Carruades de Lafite Pauillac,686.4,France,4.4
Pomerol,423.5,France,4.4
Tignanello,820.0,Italie,4.5
Saint-Émilion Grand Cru (Premier Grand Cru Classé),1173.75,France,4.6
Pessac-Léognan Blanc (Grand Cru Classé de Graves),2028.75,France,4.5
Sassicaia,597.5,Italie,4.6
Pomerol,576.25,France,4.5
Château Margaux (Premier Grand Cru Classé),1173.75,France,4.6
Pessac-Léognan (Premier Grand Cru Classé),2455.0,France,4.6
Beckstoffer To Kalon Vineyard Cabernet Sauvignon,260.0,États-Unis,4.6
Series C,65.0,Afrique du Sud,4.5
Clos des Lambrays Grand Cru,896.25,France,4.4
Pauillac (Premier Grand Cru Classé),1625.0,France,4.6
Romanée-Saint-Vivant Grand Cru,3202.5,France,4.5
Ornato Barolo,212.5,Italie,4.4
Barbaresco,688.75,Italie,4.5
Château Margaux (Premier Grand Cru Classé),1173.75,France,4.6
Pauillac (Premier Grand Cru Classé),1451.25,France,4.6
Ornato Barolo,178.75,Italie,4.4
Barbaresco,597.5,Italie,4.5
Bric Dël Fiasc Barolo,243.75,Italie,4.3
Félix Callejo (Viñedos de la Familia),304.5,Espagne,4.3
Galatrona,212.5,Italie,4.3
Barbaresco,470.0,Italie,4.5
Sorì San Lorenzo,1025.0,Italie,4.6
Brunello di Montalcino Riserva,921.25,Italie,4.6
Cabernet Sauvignon,178.75,États-Unis,4.5
La Grande Dame Brut Champagne,832.5,France,4.5
Tignanello,331.25,Italie,4.5
Château Margaux (Premier Grand Cru Classé),753.4,France,4.6
Barbaresco Rabajà,221.25,Italie,4.3
Sperss Barolo,470.0,Italie,4.6
Scrio,201.25,Italie,4.3
Pessac-Léognan (Premier Grand Cru Classé),1046.25,France,4.6
Châteauneuf-du-Pape,168.75,France,4.4
Pauillac (Grand Cru Classé),618.75,France,4.4
Messorio,420.0,Italie,4.5
Barolo Cerequio,150.0,Italie,4.3
Châteauneuf-du-Pape,2967.5,France,4.7
Giorgio Bartholomäus,616.25,Italie,4.4
Amarone della Valpolicella Monte Lodoletta,731.25,Italie,4.7
Sperss Barolo,961.25,Italie,4.6
Pomerol,683.75,France,4.5
Luce,232.5,Italie,4.4
Le Mesnil Blanc de Blancs (Cuvée S) Brut Champagne,2541.25,France,4.7
Saint-Émilion Grand Cru (Premier Grand Cru Classé),961.25,France,4.6
Tenuta Guado al Tasso Bolgheri Superiore,555.0,Italie,4.5
R.D Extra Brut Champagne (Récemment Dégorgé),299.99,France,4.6
Costa Russi (Barbaresco) Langhe,961.25,Italie,4.6
Amarone della Valpolicella Monte Lodoletta,808.75,Italie,4.7
Pauillac (Premier Grand Cru Classé),2676.75,France,4.6
Sorì Tildìn (Barbaresco) Langhe,961.25,Italie,4.6
Barbaresco,1601.25,Italie,4.5
Château Margaux (Premier Grand Cru Classé),1046.25,France,4.6
Réserve Côtes-du-Rhône,961.25,France,4.4
Brunello di Montalcino Riserva,1478.75,Italie,4.6
Sassicaia,661.25,Italie,4.6
Barolo Cascina Francia,1110.0,Italie,4.5
Pomerol,155.0,France,4.2
Château Margaux (Premier Grand Cru Classé),1173.75,France,4.6
Barolo Enrico VI,148.75,Italie,4.4
Tenuta Guado al Tasso Bolgheri Superiore,310.0,Italie,4.5
Amarone della Valpolicella Monte Lodoletta,616.25,Italie,4.7
Cabernet Sauvignon,221.25,États-Unis,4.5
Saint-Émilion Grand Cru (Premier Grand Cru Classé),1046.25,France,4.6
Barolo Brunate,305.1,Italie,4.3
Redigaffi Toscana,491.25,Italie,4.5
Luce,413.75,Italie,4.4
Bolgheri Superiore,425.0,Italie,4.6
Barolo Brunate,165.0,Italie,4.3
Pessac-Léognan (Premier Grand Cru Classé),1003.75,France,4.6
Vintage Port,101.0,Portugal,4.5
Tignanello,353.75,Italie,4.5
Saint-Émilion Grand Cru (Premier Grand Cru Classé),1046.25,France,4.6
Redigaffi Toscana,555.0,Italie,4.5
Pessac-Léognan (Premier Grand Cru Classé),1046.25,France,4.6
Amarone della Valpolicella Monte Lodoletta,728.75,Italie,4.7
Tignanello,376.25,Italie,4.5
Chambertin Grand Cru,7493.75,France,4.7
Insignia,353.75,États-Unis,4.6
Pomerol,9180.0,France,4.7
Pomerol,353.75,France,4.5
Barolo Bricco Rocche,325.0,Italie,4.4
Sorì Tildìn (Barbaresco) Langhe,917.5,Italie,4.6
Bolgheri Superiore,961.25,Italie,4.6
Valpolicella Superiore Monte Lodoletta,276.25,Italie,4.5
Pomerol,762.0,France,4.3
Brunello di Montalcino Riserva,238.75,Italie,4.5
Cerretalto Brunello di Montalcino,491.25,Italie,4.7
Tenuta Tignanello 'Solaia',705.0,Italie,4.6
Pomerol,533.75,France,4.4
Cabernet Sauvignon,201.25,États-Unis,4.5
Toscana Rosso,811.25,Italie,4.5
Saint-Émilion Grand Cru (Premier Grand Cru Classé),1025.0,France,4.6
Puligny-Montrachet Premier Cru Champ-Canet,221.25,France,4.4
Pessac-Léognan (Premier Grand Cru Classé),1601.25,France,4.6
Bolgheri Superiore,340.0,Italie,4.6
Sassicaia,1707.5,Italie,4.6
Redigaffi Toscana,470.0,Italie,4.5
Clos Sainte Hune Riesling Alsace,618.75,France,4.5
Giramonte Toscana,140.0,Italie,4.4
Montepulciano d'Abruzzo,747.5,Italie,4.4
Luce Brunello di Montalcino,211.3,Italie,4.5
Pauillac (Grand Cru Classé),597.5,France,4.4
Lupicaia,216.25,Italie,4.4
Lupicaia,256.25,Italie,4.4
Bolgheri Superiore,1238.75,Italie,4.6
Châteauneuf-du-Pape,168.75,France,4.4
Saint-Julien (Grand Cru Classé),533.75,France,4.4
Toscana Camartina,201.25,Italie,4.3
Pessac-Léognan (Premier Grand Cru Classé),1046.25,France,4.6
Pessac-Léognan (Premier Grand Cru Classé),896.25,France,4.6
Tignanello,470.0,Italie,4.5
Pomerol,790.0,France,4.4
Saint-Émilion Grand Cru (Premier Grand Cru Classé),795.0,France,4.6
Sassicaia,2668.75,Italie,4.6
Clos de la Roche Grand Cru Cuvée Vieilles Vignes,1430.0,France,4.4
Sperss Barolo,832.5,Italie,4.6
Brunello di Montalcino Riserva Madonna del Piano,1046.25,Italie,4.5
Brunello di Montalcino Riserva,695.0,Italie,4.6
Harlan Estate Red,1921.25,États-Unis,4.7
Paleo Rosso,178.75,Italie,4.4
Solare Toscana,150.0,Italie,4.2
Trebbiano d'Abruzzo,420.0,Italie,4.4
Sassicaia,493.8,Italie,4.6
Pessac-Léognan (Premier Grand Cru Classé),2028.75,France,4.6
Sauternes,928.3,France,4.7
Sassicaia,961.25,Italie,4.6
Chambertin Grand Cru,10960.0,France,4.7
Barolo Bricco Rocche,273.75,Italie,4.4
Château Margaux (Premier Grand Cru Classé),1077.51,France,4.6
Vintage,1800.0,France,4.6
Bolgheri Superiore,425.0,Italie,4.6
Brunello di Montalcino Riserva,961.25,Italie,4.6
Bolgheri Superiore,533.75,Italie,4.6
Sorì San Lorenzo,1558.75,Italie,4.6
Redigaffi Toscana,512.5,Italie,4.5
Pessac-Léognan (Premier Grand Cru Classé),1110.0,France,4.6
Altero Brunello di Montalcino,112.5,Italie,4.4
Brunello di Montalcino Riserva,168.75,Italie,4.4
L'Apparita,630.0,Italie,4.4
L'Apparita,287.5,Italie,4.4
Pauillac (Premier Grand Cru Classé),1339.7,France,4.6
Series C,74.0,Afrique du Sud,4.5
Aconcagua Valley,140.2,Chili,4.5
Pomerol,411.4,France,4.5
Silex,1495.0,France,4.5
Brunello di Montalcino  Montosoli,202.5,Italie,4.4
Sauternes (Premier Grand Cru Classé),92.95,France,4.4
Vintage Port,62.95,Portugal,4.3
L'Extravagant de Doisy-Daëne Sauternes,397.5,France,4.6
Brunello di Montalcino Riserva,895.0,Italie,4.6
Barolo Riserva Bricco Boschis Vigna San Giuseppe,397.5,Italie,4.3
'Giulio Ferrari' Riserva del Fondatore,747.5,Italie,4.6
'Giulio Ferrari' Riserva del Fondatore,310.0,Italie,4.6
Bolgheri Superiore,448.75,Italie,4.6
Tignanello,420.0,Italie,4.5
Brut Cuvée Champagne Rosé,72.0,France,4.4
Sassicaia,618.75,Italie,4.6
Bolgheri Superiore,618.75,Italie,4.6
Sauternes,595.0,France,4.7
Brut Champagne,638.83,France,4.6
Rosé,349.0,France,4.6
L'Apparita,353.75,Italie,4.4
Saint-Émilion Grand Cru (Premier Grand Cru Classé),1164.36,France,4.6
Sauternes,811.25,France,4.7
Brut Rosé Champagne,49.61,France,4.4
Amarone della Valpolicella Monte Lodoletta,1761.25,Italie,4.7
Amarone della Valpolicella Monte Lodoletta,747.5,Italie,4.7
Châteauneuf-du-Pape,2967.5,France,4.7
Montepulciano d'Abruzzo,618.75,Italie,4.4
Blanc de Blancs Brut Champagne Grand Cru,92.95,France,4.4
Tenuta Guado al Tasso Bolgheri Superiore,533.75,Italie,4.5
Conteisa Langhe,239.0,Italie,4.5
Castillo Ygay Gran Reserva Especial Tinto,235.0,Espagne,4.5
Cuvée Annamaria Clementi (Extra Brut),212.5,Italie,4.5
Unico,410.0,Espagne,4.7
Carruades de Lafite Pauillac,619.75,France,4.4
Vintage,1473.75,France,4.6
Harimann Montepulciano d'Abruzzo,58.75,Italie,4.4
'Giulio Ferrari' Riserva del Fondatore,533.75,Italie,4.6
Barolo Riserva,470.0,Italie,4.3
Grand Siècle Champagne (Grande Cuvée),183.7,France,4.5
Barbaresco,1046.25,Italie,4.5
Bolgheri Superiore,470.0,Italie,4.6
Cuvée Madame Barsac,393.5,France,4.5
Vin Santo di Montepulciano,331.25,Italie,4.6
L'Apparita,397.5,Italie,4.4
Saint-Émilion Grand Cru,470.0,France,4.6
Clos des Lambrays Grand Cru,832.5,France,4.4
Sassicaia,1173.75,Italie,4.6
Sorì San Lorenzo,597.5,Italie,4.6
Pomerol,618.75,France,4.4
Vin de Pays de l'Hérault,683.75,France,4.5
Brunello di Montalcino Riserva,1046.25,Italie,4.6
Pauillac (Premier Grand Cru Classé),1381.48,France,4.6
Châteauneuf-du-Pape,3395.0,France,4.7
Sperss Barolo,491.25,Italie,4.6
Romanée-Saint-Vivant Grand Cru (Marey-Monge),10217.5,France,4.7
Vin Santo di Montepulciano,287.5,Italie,4.6
Barolo Cascina Francia,747.5,Italie,4.5
Châteauneuf-du-Pape,3266.25,France,4.7
Collection,2241.25,France,4.7
Bolgheri Superiore,491.25,Italie,4.6
Bolgheri Superiore,360.0,Italie,4.6
Charmes-Chambertin Grand Cru,1025.0,France,4.4
Brut Champagne,460.0,France,4.6
Opus One,455.17,États-Unis,4.6
Cristal Brut Champagne (Millésimé),482.5,France,4.6
Messorio,420.0,Italie,4.5
Grand Vin de Château Palmer (Grand Cru Classé),450.0,France,4.5
Grand Vin de Château Palmer (Grand Cru Classé),832.5,France,4.5
Grand Vin de Château Palmer (Grand Cru Classé),470.0,France,4.5
Bolgheri Superiore,360.0,Italie,4.6
Tignanello,331.25,Italie,4.5
Clos du Mesnil,3096.25,France,4.7
Brunello di Montalcino Riserva,825.0,Italie,4.6
Romanée-Saint-Vivant Grand Cru (Marey-Monge),8743.75,France,4.7
Il Bricco Barbaresco,202.5,Italie,4.3
Montepulciano d'Abruzzo,385.5,Italie,4.2
Flaccianello della Pieve,331.25,Italie,4.5
Barolo Riserva Vigna Rionda,265.0,Italie,4.3
Châteauneuf-du-Pape,3181.25,France,4.7
Unico Reserva Especial Edición,644.95,Espagne,4.7
Campolongo di Torbe Amarone della Valpolicella Classico,233.75,Italie,4.5
Saint-Julien (Grand Cru Classé),533.75,France,4.4
Cabernet Sauvignon,201.25,États-Unis,4.5
Cristal Rosé Brut Champagne (Millésimé),961.25,France,4.6
Pomerol,3800.0,France,4.7
Redigaffi Toscana,705.0,Italie,4.5
Cabernet Sauvignon,201.25,États-Unis,4.5
Barbaresco Gaiun Martinenga,246.25,Italie,4.3
Tordiz 40 Year Old Tawny Port,337.5,Portugal,4.6
Vürsù Barolo Campè,232.5,Italie,4.4
Barolo Prapò,206.25,Italie,4.3
Vintage Port Nacional,1152.5,Portugal,4.6
Amarone della Valpolicella Classico Riserva (Sergio Zenato),483.75,Italie,4.5
Château Margaux (Premier Grand Cru Classé),1173.75,France,4.6
Ozanne Blanc de Blancs Brut Champagne Grand Cru 'Avize',683.75,France,4.5
Bolgheri Superiore,390.0,Italie,4.6
Riserva vecchie viti dei Capalot e delle Brunate Barolo,940.0,Italie,4.5
Pomerol,420.0,France,4.5
Cristal Brut Champagne (Millésimé),533.75,France,4.6
Bolgheri Superiore,1173.75,Italie,4.6
Unico,445.0,Espagne,4.7
Montepulciano d'Abruzzo,790.0,Italie,4.4
Carruades de Lafite Pauillac,729.3,France,4.4
Lupicaia,298.75,Italie,4.4
Saint-Émilion Grand Cru (Premier Grand Cru Classé),832.5,France,4.6
Châteauneuf-du-Pape,2967.5,France,4.7
Barolo Brunate,230.0,Italie,4.3
Lodovico,683.75,Italie,4.6
Sassicaia,632.5,Italie,4.6
Sorì San Lorenzo,705.0,Italie,4.6
Pomerol,6300.0,France,4.7
Barolo Bricco Rocche,297.5,Italie,4.4
Pur Sang,397.5,France,4.3
Costa Russi (Barbaresco) Langhe,832.5,Italie,4.6
Sauternes,2455.0,France,4.7
Tenuta Nuova Brunello di Montalcino,122.0,Italie,4.5
La Grande Dame Brut Rosé Champagne,566.25,France,4.6
Chevalier-Montrachet Grand Cru,2562.5,France,4.6
Barolo Riserva Monprivato Cà d'Morissio,832.5,Italie,4.6
Veneto Alzero Cabernet,1975.0,Italie,4.7
Bolgheri Superiore,618.75,Italie,4.6
Alabaster,136.25,Espagne,4.6
Châteauneuf-du-Pape Réservé Blanc,1281.25,France,4.4
Le Mesnil Blanc de Blancs (Cuvée S) Brut Champagne,3181.25,France,4.7
Rosé Brut Champagne Grand Cru 'Ambonnay',121.0,France,4.4
Vin Santo di Montepulciano,310.0,Italie,4.6
Brut Rosé Champagne,429.0,France,4.5
Amarone della Valpolicella Classico Riserva (Sergio Zenato),496.25,Italie,4.5
Pomerol,5800.0,France,4.7
Montepulciano d'Abruzzo,491.6,Italie,4.4
Harlequin,2113.75,Italie,4.7
Pauillac (Premier Grand Cru Classé),842.98,France,4.6
'Giulio Ferrari' Riserva del Fondatore,597.5,Italie,4.6
'Giulio Ferrari' Riserva del Fondatore,917.5,Italie,4.6
Pomerol,4410.0,France,4.7
Vürsù Barolo Campè,211.25,Italie,4.4
La Grande Dame Brut Rosé Champagne,295.0,France,4.6
Clos des Goisses Champagne,1110.0,France,4.5
Chambertin Grand Cru,618.75,France,4.3
Romanée-Saint-Vivant Grand Cru,2028.75,France,4.5
Pauillac (Grand Cru Classé),118.5,France,4.4
Vürsù Barolo Campè,212.5,Italie,4.4
Falletto Barolo Le Rocche del Falletto,1686.25,Italie,4.5
Nettare Veneto Bianco,310.0,Italie,4.6
Bolgheri Superiore,533.75,Italie,4.6
Montepulciano d'Abruzzo,832.5,Italie,4.4
Sorì Tildìn (Barbaresco) Langhe,790.0,Italie,4.6
Valpolicella Superiore Monte Lodoletta,243.75,Italie,4.5
Barolo Riserva Monprivato Cà d'Morissio,2455.0,Italie,4.6
Nettare Veneto Bianco,310.0,Italie,4.6
Bonnes-Mares Grand Cru,1823.75,France,4.5
Tokaji Aszú 6 Puttonyos,99.97,Hongrie,4.6
Barolo Bricco Rocche,448.75,Italie,4.4
Barolo Brunate,200.0,Italie,4.3
Pessac-Léognan (Premier Grand Cru Classé),1025.0,France,4.6
Unico,1040.6,Espagne,4.7
Côte-Rôtie La Mouline,346.75,France,4.6
Contador Rioja,249.0,Espagne,4.6
Barolo Riserva Granbussia,1936.25,Italie,4.5
Costasera Amarone della Valpolicella Classico,190.0,Italie,4.3
Clos Sainte Hune Riesling Alsace,600.0,France,4.5
Tessons Clos de Mon Plaisir Meursault,1260.0,France,4.4
Kairos,221.25,Italie,4.4
Pomerol,545.0,France,4.4
Bolgheri Superiore,683.75,Italie,4.6
Château Margaux (Premier Grand Cru Classé),1025.0,France,4.6
Brunello di Montalcino,747.5,Italie,4.5
Sperss Barolo,523.75,Italie,4.6
L'Apparita,397.5,Italie,4.4
Comtes de Champagne Blanc de Blancs,190.0,France,4.5
Toscana Batar,201.25,Italie,4.3
Châteauneuf-du-Pape,3096.25,France,4.7
Gratallops Partida Bellvisos,175.0,Espagne,4.3
Brunate  Barolo,1323.75,Italie,4.5
Brunello di Montalcino,331.25,Italie,4.5
Brunello di Montalcino,353.75,Italie,4.5
Brunello di Montalcino,310.0,Italie,4.5
Brunello di Montalcino,220.0,Italie,4.5
Brunello di Montalcino,310.0,Italie,4.5
Brunello di Montalcino,331.25,Italie,4.5
Brunello di Montalcino,353.75,Italie,4.5
Le Bourg Saumur Champigny,1025.0,France,4.5
Brunello di Montalcino,394.0,Italie,4.5
Brunello di Montalcino,597.5,Italie,4.5
Pomerol,397.5,France,4.4
Brunello di Montalcino,331.25,Italie,4.5
Veneto Alzero Cabernet,913.05,Italie,4.7
Brunello di Montalcino,420.0,Italie,4.5
Brunello di Montalcino,121.25,Italie,4.2
Belle Epoque Brut Champagne,247.5,France,4.5
Clos de la Roche Grand Cru Cuvée Vieilles Vignes,1323.75,France,4.4
Montrachet Grand Cru,5977.5,France,4.7
Veneto Alzero Cabernet,555.0,Italie,4.7
Saint-Émilion Grand Cru (Premier Grand Cru Classé),156.95,France,4.4
Brunello di Montalcino,353.75,Italie,4.5
Darmagi Langhe,397.5,Italie,4.5
Sed de Caná,165.9,Espagne,4.5
Cerretta Barolo Riserva (Vigna Bricco),205.0,Italie,4.5
Montelìg,49.99,Chili,4.4
Maria Adelaide Barbaresco,266.25,Italie,4.3
Brunello di Montalcino,353.75,Italie,4.5
Amarone della Valpolicella Classico,843.75,Italie,4.4
Barolo Monprivato,470.0,Italie,4.4
Bolgheri Superiore,533.75,Italie,4.6
Poggio all'Oro Brunello di Montalcino Riserva,136.3,Italie,4.5
Brunello di Montalcino,241.3,Italie,4.5
Amarone della Valpolicella Classico,181.25,Italie,4.5
Sassicaia,1270.0,Italie,4.6
Barolo Riserva Monfortino,1137.5,Italie,4.7
Altura,89.0,Chili,4.5
Merlot,178.75,États-Unis,4.4
Vintage Port,265.0,Portugal,4.4
Pomerol,170.0,France,4.5
Vosne-Romanée Premier Cru Aux Reignots,4173.75,France,4.6
Grand Vin Pauillac (Premier Grand Cru Classé),2028.75,France,4.6
Brunello di Montalcino,470.0,Italie,4.5
Harimann Montepulciano d'Abruzzo,58.75,Italie,4.4
Sauternes,1025.0,France,4.7
Veneto Rosso del Bepi,243.8,Italie,4.6
Grand Vin Pauillac (Premier Grand Cru Classé),2753.75,France,4.6
Grand Vin Pauillac (Premier Grand Cru Classé),1686.25,France,4.6
Bolgheri Superiore,597.5,Italie,4.6
Côte-Rôtie La Mouline,4910.0,France,4.6
Grand Vin Pauillac (Premier Grand Cru Classé),990.0,France,4.6
Campolongo di Torbe Amarone della Valpolicella Classico,212.5,Italie,4.5
Sauternes (Premier Grand Cru Classé),49.9,France,4.3
Montepulciano d'Abruzzo,543.4,Italie,4.4
Dom Ruinart Blanc de Blancs Brut Champagne,287.0,France,4.5
Merlot,201.25,États-Unis,4.4
Vürsù Barolo Campè,318.75,Italie,4.4
Lodovico,425.0,Italie,4.6
d'Alceo,335.0,Italie,4.4
Darmagi Langhe,331.25,Italie,4.5
Amarone della Valpolicella,291.25,Italie,4.4
N.P.U. Extra Brut Champagne (Nec Plus Ultra),470.0,France,4.5
Grand Vin Pauillac (Premier Grand Cru Classé),1323.75,France,4.6
Vigneto Bellavista Chianti Classico,221.25,Italie,4.4
Brunello di Montalcino Riserva,1046.25,Italie,4.6
Grand Vin Pauillac (Premier Grand Cru Classé),1590.0,France,4.6
Opus One,768.75,États-Unis,4.6
Falletto Barolo Le Rocche del Falletto Riserva,3096.25,Italie,4.6
Grand Vin Pauillac (Premier Grand Cru Classé),1200.79,France,4.6
Saint-Émilion Grand Cru (Premier Grand Cru Classé),287.5,France,4.3
Vin de Pays de l'Hérault,683.75,France,4.5
Tenuta Nuova Brunello di Montalcino,470.0,Italie,4.5
Le Bourg Saumur Champigny,832.5,France,4.5
d'Alceo,196.25,Italie,4.4
Amarone della Valpolicella Classico,425.0,Italie,4.7
Sauternes (Premier Grand Cru Classé),75.71,France,4.3
Valpolicella Superiore Monte Lodoletta,178.75,Italie,4.5
Brunello di Montalcino,420.0,Italie,4.5
Romanée-Saint-Vivant Grand Cru,3202.5,France,4.5
Châteauneuf-du-Pape,3287.5,France,4.7
Kairos,221.25,Italie,4.4
Pauillac (Grand Cru Classé),479.85,France,4.4
Amour de Deutz Millésimé Brut Champagne,199.0,France,4.5
Kairos,221.25,Italie,4.4
Costa Russi (Barbaresco) Langhe,1281.25,Italie,4.6
Pauillac (Premier Grand Cru Classé),975.0,France,4.6
Continuum Estate,645.0,États-Unis,4.6
Conde de Superunda,56.0,Chili,4.2
Bolgheri Superiore,448.75,Italie,4.6
Pieve Santa Restituta Sugarille Brunello di Montalcino,222.5,Italie,4.5
Falletto Barolo Le Rocche del Falletto Riserva,3522.5,Italie,4.6
Amarone della Valpolicella Monte Lodoletta,752.5,Italie,4.7
Barolo Cannubi,135.0,Italie,4.3
Sir Winston Churchill Brut Champagne,683.75,France,4.6
Comtes de Champagne Blanc de Blancs,811.25,France,4.5
Pauillac (Premier Grand Cru Classé),715.15,France,4.6
Amarone della Valpolicella Classico,265.0,Italie,4.4
Saint-Émilion Grand Cru (Premier Grand Cru Classé),785.18,France,4.6
Barolo Le Vigne,420.0,Italie,4.3
Sorì San Lorenzo,692.5,Italie,4.6
Rocche dell'Annunziata Barolo Riserva,618.75,Italie,4.5
Barbaresco Rabajà,301.25,Italie,4.3
Recioto della Valpolicella (Monte Lodoletta),832.5,Italie,4.6
'Giulio Ferrari' Riserva del Fondatore,353.75,Italie,4.6
Barolo Riserva Granbussia,1428.75,Italie,4.5
Boal Madeira,318.25,Portugal,4.5
Chateauneuf-du-Pape Réserve des Célestins,1601.25,France,4.6
Saint-Émilion Grand Cru (Premier Grand Cru Classé),700.0,France,4.6
Brunello di Montalcino,82.5,Italie,4.4
Barolo Bussia,155.0,Italie,4.4
Barolo Monprivato,705.0,Italie,4.4
40 Anos Tawny Port,109.95,Portugal,4.6
Musigny Grand Cru,1173.75,France,4.4
Bâtard-Montrachet Grand Cru,4163.75,France,4.6
Pingus,2327.5,Espagne,4.6
Pingus,3395.0,Espagne,4.6
Tokaji Aszú 5 Puttonyos,99.97,Hongrie,4.5
Guglielmi di Jago Amarone della Valpolicella Classico,277.6,Italie,4.4
Romanée-Saint-Vivant Grand Cru,3202.5,France,4.5
Bolgheri Superiore,427.5,Italie,4.6
Recioto della Valpolicella (Monte Lodoletta),1025.0,Italie,4.6
Merlot,178.75,États-Unis,4.4
Recioto della Valpolicella Classico,1025.0,Italie,4.7
Brut Champagne,440.0,France,4.6
Brunello di Montalcino Riserva,595.0,Italie,4.6
Brunello di Montalcino Riserva,695.0,Italie,4.6
Brut Champagne,250.0,France,4.6
Vosne-Romanée Premier Cru Aux Reignots,4114.0,France,4.6
Brunello di Montalcino,82.5,Italie,4.4
Le Bourg Saumur Champigny,961.25,France,4.5
Messorio,533.75,Italie,4.5
Barolo Riserva Monprivato Cà d'Morissio,1686.25,Italie,4.6
Pignan Châteauneuf-du-Pape Réserve Rouge,961.25,France,4.6
Sorì Tildìn (Barbaresco) Langhe,1623.75,Italie,4.6
Brunello di Montalcino,82.5,Italie,4.4
Sorì Tildìn (Barbaresco) Langhe,1110.0,Italie,4.6
Le Désir,494.9,États-Unis,4.5
Campo León Amarone della Valpolicella,123.75,Italie,4.4
Costa Russi (Barbaresco) Langhe,961.25,Italie,4.6
Falletto Barolo Le Rocche del Falletto Riserva,1537.5,Italie,4.6
Vürsù Barbaresco Gallina,243.75,Italie,4.4
Vürsù Barbaresco Gallina,205.0,Italie,4.4
Sancerre 'Clos la Néore',896.25,France,4.4
Brut Champagne,397.5,France,4.6
Brunello di Montalcino Riserva Pian di Conte,103.75,Italie,4.3
La Grande Année Brut Champagne,293.75,France,4.5
Les Poyeux Saumur Champigny,705.0,France,4.5
Reserve,331.25,États-Unis,4.6
Domus Aurea Cabernet Sauvignon,169.75,Chili,4.4
Amarone della Valpolicella Classico Riserva,1046.25,Italie,4.8
Vin Santo di Montepulciano,310.0,Italie,4.6
Recioto della Valpolicella Classico Riserva,1387.5,Italie,4.5
Sorì San Lorenzo,1495.0,Italie,4.6
Amarone Della Valpolicella Marta Galli,100.0,Italie,4.2
30 Year Old Tawny Port,144.3,Portugal,4.4
Grand Vin Pauillac (Premier Grand Cru Classé),1433.8,France,4.6
Gran Reserva 890,198.95,Espagne,4.5
Guglielmi di Jago Amarone della Valpolicella Classico,185.6,Italie,4.4
Cerretta Barolo Riserva (Vigna Bricco),246.25,Italie,4.5
Pingus,1665.0,Espagne,4.6
Pian delle Vigne Brunello di Montalcino,96.3,Italie,4.3
Brunate  Barolo,597.5,Italie,4.5
Merlot,178.75,États-Unis,4.4
'Giulio Ferrari' Riserva del Fondatore,491.25,Italie,4.6
Dolç de L'Obac,88.57,Espagne,4.4
Miserere,227.02,Espagne,4.3
Merlot,178.75,États-Unis,4.4
Pauillac (Premier Grand Cru Classé),1038.63,France,4.6
Hommage à Jacques Perrin Châteauneuf-du-Pape,520.0,France,4.5
Platinum,194.9,Suisse,4.3
Vosne-Romanée Premier Cru Les Petits Monts,8349.0,France,4.5
Pauillac (Premier Grand Cru Classé),1750.0,France,4.6
Rioja Reserva,69.94,Espagne,4.4
Almaviva,220.0,Chili,4.6
Vigneto Bellavista Chianti Classico,216.25,Italie,4.4
Grand Vin Pauillac (Premier Grand Cru Classé),799.0,France,4.6
Brunello di Montalcino,94.95,Italie,4.4
Échézeaux Grand Cru,12886.5,France,4.7
Pessac-Léognan (Grand Cru Classé de Graves),2635.55,France,4.5
Pauillac (Grand Cru Classé),119.0,France,4.4
Pauillac (Premier Grand Cru Classé),618.75,France,4.6
Pessac-Léognan Blanc (Grand Cru Classé de Graves),1900.0,France,4.5
Sassicaia,576.25,Italie,4.6
La Grande Année Brut Champagne,241.4,France,4.5
R.D Extra Brut Champagne (Récemment Dégorgé),533.75,France,4.6
Cristal Brut Champagne (Millésimé),462.5,France,4.6
Grand Vin Pauillac (Premier Grand Cru Classé),1242.5,France,4.6
Montrachet Grand Cru Marquis de Laguiche,2028.75,France,4.6
Vacqueyras,250.0,France,4.3
Hommage à Jacques Perrin Châteauneuf-du-Pape,555.0,France,4.5
Vigna Cappella di S. Stefano Perno Barolo,123.75,Italie,4.4
Falletto Barolo Le Rocche del Falletto Riserva,1601.25,Italie,4.6
V.P Extra Brut Champagne Grand Cru 'Ambonnay',149.95,France,4.4
Cuvée Annamaria Clementi (Extra Brut),151.68,Italie,4.5
Cuvée Annamaria Clementi (Extra Brut),141.06,Italie,4.5
Brunello di Montalcino Riserva,1046.25,Italie,4.6
Brut Rosé Champagne,625.0,France,4.6
Clos de L'Obac,96.81,Espagne,4.4
Pomerol,470.0,France,4.5
Il San Lorenzo Bianco,75.0,Italie,4.5
Brunello di Montalcino Riserva,720.0,Italie,4.6
Pingus,2668.75,Espagne,4.6
Poggio Al Vento Brunello di Montalcino Riserva,353.75,Italie,4.4
Son Negre,208.3,Espagne,4.5
Barolo Riserva Leon,196.25,Italie,4.4
Vin Santo di Montepulciano,353.75,Italie,4.6
Saint-Émilion Grand Cru (Premier Grand Cru Classé),293.7,France,4.5
Pauillac (Premier Grand Cru Classé),1665.0,France,4.6
Belle Epoque Brut Champagne,265.0,France,4.5
Brunello di Montalcino Riserva,126.25,Italie,4.4
Cos d'Estournel,166.11,France,4.4
Vin de Pays de l'Hérault,683.75,France,4.5
Arborina Barolo,420.0,Italie,4.4
Madonna delle Grazie Brunello di Montalcino,491.25,Italie,4.5
Madonna delle Grazie Brunello di Montalcino,1046.25,Italie,4.5
Saint-Émilion Grand Cru (Premier Grand Cru Classé),470.0,France,4.4
Sorì San Lorenzo,747.5,Italie,4.6
Pessac-Léognan (Grand Cru Classé de Graves),865.65,France,4.5
Cà Bertoldi Amarone della Valpolicella Classico,57.9,Italie,4.3
Redigaffi Toscana,242.5,Italie,4.5
Trasnocho,103.54,Espagne,4.5
Brut Champagne (Gold),329.0,France,4.4
Tokaji Aszú 5 Puttonyos,72.48,Hongrie,4.5
Ca’ del Merlo Rosso Veneto,130.0,Italie,4.5
Brunello di Montalcino Riserva,521.0,Italie,4.6
Barolo Riserva Speciale Granbussia,1046.25,Italie,4.5
Ca’ del Merlo Rosso Veneto,97.55,Italie,4.5
R.D Extra Brut Champagne (Récemment Dégorgé),353.28,France,4.6
Brunello di Montalcino Riserva,121.25,Italie,4.4
Château Margaux (Premier Grand Cru Classé),1046.25,France,4.6
Barolo Riserva Speciale Granbussia,1046.25,Italie,4.5
Barolo Riserva Speciale Granbussia,2348.75,Italie,4.5
'Giulio Ferrari' Riserva del Fondatore,287.5,Italie,4.6
Vin Santo di Montepulciano Occhio di Pernice,420.0,Italie,4.4
Graticciaia,111.25,Italie,4.4
Hommage à Jacques Perrin Châteauneuf-du-Pape,474.0,France,4.5
Hommage à Jacques Perrin Châteauneuf-du-Pape,474.0,France,4.5
Barolo Cascina Francia,420.0,Italie,4.5
Tenuta Montebello Picconero,100.15,Italie,4.4
Lodovico,532.5,Italie,4.6
Barolo Cannubi Boschis,555.0,Italie,4.4
Vin Santo di Montepulciano,287.5,Italie,4.6
Falletto Barolo Le Rocche del Falletto Riserva,747.5,Italie,4.6
Vin de Pays de l'Hérault,683.75,France,4.5
Sorì Tildìn (Barbaresco) Langhe,705.0,Italie,4.6
Gaia & Rey Langhe,472.5,Italie,4.5
Redigaffi Toscana,533.75,Italie,4.5
Veneto Alzero Cabernet,683.75,Italie,4.7
Brunello di Montalcino,420.0,Italie,4.5
Ginés Liébana Pedro Ximénez,391.3,Espagne,4.6
Giorgio Bartholomäus,496.25,Italie,4.4
Amarone della Valpolicella Monte Lodoletta,487.5,Italie,4.7
Brunello di Montalcino Riserva Vigna Paganelli,118.3,Italie,4.3
L'Extravagant de Doisy-Daëne Sauternes,332.41,France,4.6
Amarone della Valpolicella Monte Lodoletta,1110.0,Italie,4.7
Sassicaia,2028.75,Italie,4.6
Finca Bella Vista Malbec,113.0,Argentine,4.5
Toscana,2028.75,Italie,4.7
Lodovico,683.75,Italie,4.6
Series M,48.0,Afrique du Sud,4.4
Aszú Eszencia,129.95,Hongrie,4.5
Toscana,4697.5,Italie,4.7
Rujno Rosso,403.75,Italie,4.5
La Mattonara Amarone della Valpolicella Classico Riserva,533.75,Italie,4.7
Campo dei Gigli Amarone della Valpolicella,90.0,Italie,4.4
Rujno Rosso,618.75,Italie,4.5
Toscana,1985.0,Italie,4.7
MV Rosé,293.8,France,4.5
Series M,58.0,Afrique du Sud,4.4
Toscana,4163.75,Italie,4.7
Vittorio Moretti,142.5,Italie,4.4
Vigna Colonnello Barolo Riserva Bussia,246.25,Italie,4.4
Pomerol,599.2,France,4.5
Rocche dell'Annunziata Torriglione Barolo,497.15,Italie,4.5
Blanc des Millénaires,260.0,France,4.6
Toscana,2092.5,Italie,4.7
Toscana,4910.0,Italie,4.7
Toknar,74.98,Chili,4.4
Le Petit Mouton de Mouton Rothschild Pauillac,550.0,France,4.4
Amarone Classico Monte Danieli,62.3,Italie,4.4
Pomerol,238.0,France,4.5
Toscana,4697.5,Italie,4.7
'Giulio Ferrari' Riserva del Fondatore,470.0,Italie,4.6
Barolo Bussia,162.5,Italie,4.4
Toscana,1815.0,Italie,4.7
'Giulio Ferrari' Riserva del Fondatore,640.0,Italie,4.6
Brunello di Montalcino,618.75,Italie,4.5
Toscana,190.0,Italie,4.5
Toscana,192.5,Italie,4.5
Toscana,1815.0,Italie,4.7
Vin Santo di Montepulciano,331.25,Italie,4.6
Toscana,5231.25,Italie,4.7
Côte-Rôtie La Turque,346.75,France,4.6
Pomerol,149.95,France,4.4
Chapelle-Chambertin Grand Cru,9607.5,France,4.5
Toscana,4163.75,Italie,4.7
Barolo Riserva Villero,790.0,Italie,4.6
Toscana,1921.25,Italie,4.7
L'Extravagant de Doisy-Daëne Sauternes,276.25,France,4.6
Saint-Estèphe (Grand Cru Classé),152.0,France,4.3
Valdegatiles Ribera del Duero,287.5,Espagne,4.4
Brunello di Montalcino Riserva,150.25,Italie,4.4
Pian delle Vigne Vignaferrovia Brunello di Montalcino Riserva,182.5,Italie,4.5
Campolongo di Torbe Amarone della Valpolicella Classico,265.0,Italie,4.5
Tokaji Aszú 5 Puttonyos,73.71,Hongrie,4.5
Musigny Grand Cru,2037.5,France,4.4
Reserve,331.25,États-Unis,4.6
Toscana,2028.75,Italie,4.7
Vieille Vigne Griottes-Chambertin Grand Cru,3181.25,France,4.5
Predappio Massera,166.0,Italie,4.4
Ermitage l'Ermite Blanc,1260.0,France,4.5
Lilium Est Amarone Della Valpolicella Riserva,164.9,Italie,4.5
Toscana,1686.25,Italie,4.7
Merlot,178.75,États-Unis,4.4
Saint-Émilion Grand Cru (Premier Grand Cru Classé),1300.0,France,4.6
Barolo Brunate,640.0,Italie,4.3
Brunello di Montalcino Riserva,1970.05,Italie,4.6
Big'd Big Barolo,310.0,Italie,4.4
Les Clos Chablís Grand Cru,683.75,France,4.5
Amour de Deutz Millésimé Brut Champagne,199.0,France,4.5
Sperss Barolo,431.25,Italie,4.6
La Joie,494.9,États-Unis,4.6
Le Montrachet Grand Cru,1580.0,France,4.5
Toscana,1900.0,Italie,4.7
Clos des Goisses Champagne,747.5,France,4.5
Reserve,310.0,États-Unis,4.6
Ermitage l'Ermite Blanc,427.5,France,4.5
Barolo Monprivato,470.0,Italie,4.4
Vin Santo di Montepulciano Occhio di Pernice,470.0,Italie,4.4
Toscana,248.75,Italie,4.5
Barsac (Premier Grand Cru Classé),287.5,France,4.4
Pian delle Vigne Vignaferrovia Brunello di Montalcino Riserva,150.0,Italie,4.5
Calcarole Amarone della Valpolicella Classico,74.45,Italie,4.6
Brunello di Montalcino Riserva Pianrosso Santa Caterina d'Oro,420.0,Italie,4.5
Barsac (Premier Grand Cru Classé),81.55,France,4.4
Cuve 38 Blanc de Blancs Champagne (La Réserve Perpétuelle),625.0,France,4.6
50 & 50,168.75,Italie,4.4
Le Désir,462.0,États-Unis,4.5
Eszencia,480.37,Hongrie,4.7
Bâtard-Montrachet Grand Cru,928.75,France,4.5
Nettare Veneto Bianco,310.0,Italie,4.6
Tenuta Guado al Tasso Bolgheri Superiore,212.5,Italie,4.5
Toscana,2348.75,Italie,4.7
Clos des Lambrays Grand Cru,618.75,France,4.4
Toscana,1900.0,Italie,4.7
Corton-Charlemagne Grand Cru,961.25,France,4.4
Barolo Bussia Cicala,832.5,Italie,4.4
Pietro Dal Cero Amarone della Valpolicella,106.3,Italie,4.5
Siepi,293.75,Italie,4.4
Toscana,2028.75,Italie,4.7
Brunello di Montalcino Riserva Madonna del Piano,736.25,Italie,4.5
Ferro,155.0,Italie,4.5
Toscana,1900.0,Italie,4.7
Saint-Émilion Grand Cru (Premier Grand Cru Classé),380.69,France,4.5
Montelìg,49.99,Chili,4.4
Brunello di Montalcino,121.25,Italie,4.3
Sassella Nuova Regina Riserva,310.0,Italie,4.3
Pieve Santa Restituta Rennina Brunello di Montalcino,203.8,Italie,4.5
La Joie,462.0,États-Unis,4.6
Brunello di Montalcino Riserva,99.95,Italie,4.3
Pomerol,376.25,France,4.4
Vürsù Barolo Campè,139.8,Italie,4.4
La Faraona Bierzo (Corullón),2327.5,Espagne,4.6
Amarone Stella,185.0,Italie,4.5
V Red,94.95,Afrique du Sud,4.4
Brunello di Montalcino Riserva,1046.25,Italie,4.6
Brunello di Montalcino,276.25,Italie,4.5
Toscana Rosso,420.0,Italie,4.5
Cava Celler Batlle,83.95,Espagne,4.3
Les Poyeux Saumur Champigny,618.75,France,4.5
Nuits-Saint-Georges,1535.0,France,4.4
Clos de Vougeot,1900.0,France,4.4
Recioto della Valpolicella Classico,397.5,Italie,4.7
Toscana Rosso,353.75,Italie,4.5
Amarone della Valpolicella Riserva,120.0,Italie,4.4
Cerretalto Brunello di Montalcino,414.75,Italie,4.7
Bâtard-Montrachet Grand Cru,695.0,France,4.4
Opus One,1665.0,États-Unis,4.6
Grange,739.0,Australie,4.7
Pessac-Léognan (Premier Grand Cru Classé),695.0,France,4.6
Pauillac (Premier Grand Cru Classé),825.0,France,4.6
Sassicaia,1237.5,Italie,4.6
Tignanello,353.75,Italie,4.5
Château Margaux (Premier Grand Cru Classé),1477.42,France,4.6
Pomerol,6200.0,France,4.7
Saint-Émilion Grand Cru (Premier Grand Cru Classé),995.0,France,4.6
Cabernet Sauvignon,1558.75,États-Unis,4.8
Sauternes,811.25,France,4.7
Pingus,2028.75,Espagne,4.6
Pomerol,533.75,France,4.5
Barbaresco,470.0,Italie,4.5
Tenuta Tignanello 'Solaia',702.5,Italie,4.6
Barolo Paiagallo,342.5,Italie,4.3
Grand Vin de Château Palmer (Grand Cru Classé),485.0,France,4.5
Amarone Stella,168.8,Italie,4.5
Saint-Émilion Grand Cru (Premier Grand Cru Classé),495.0,France,4.6
Barolo Cascina Francia,491.25,Italie,4.5
Pauillac (Grand Cru Classé),310.0,France,4.4
Rujno Rosso,214.0,Italie,4.5
Amarone Stella,148.8,Italie,4.5
Costa Russi (Barbaresco) Langhe,896.25,Italie,4.6
Pomerol,289.83,France,4.4
Cos d'Estournel,225.0,France,4.4
Vürsù Barbaresco Gallina,257.5,Italie,4.4
Saint-Émilion Grand Cru (Premier Grand Cru Classé),1680.0,France,4.6
Saint-Émilion Grand Cru (Premier Grand Cru Classé),424.46,France,4.5
Brunello di Montalcino,108.8,Italie,4.4
Roda I Reserva Rioja,40.98,Espagne,4.4
Saint-Julien (Grand Cru Classé),290.5,France,4.4
Saint-Émilion Grand Cru (Premier Grand Cru Classé),178.17,France,4.4
Ribolla Gialla,353.75,Italie,4.3
Falletto Barolo Le Rocche del Falletto,373.8,Italie,4.5
Il 'Divasco' Riserva,230.0,Italie,4.4
Valpolicella Classico Superiore,121.85,Italie,4.5
Brunello di Montalcino Riserva,694.0,Italie,4.6
Pauillac (Grand Cru Classé),155.86,France,4.4
Amarone della Valpolicella Classico,470.0,Italie,4.7
P2 Plénitude Brut Champagne,893.75,France,4.7
Brunello di Montalcino,215.0,Italie,4.3
Vin Santo di Montepulciano Occhio di Pernice,420.0,Italie,4.4
Finca Garbet,168.0,Espagne,4.6
Don PX Selección,157.22,Espagne,4.5
Gran Reserva Rioja (Finca Ygay),57.95,Espagne,4.3
50 & 50,175.0,Italie,4.4
Sancerre 'Clos la Néore',843.75,France,4.4
Pomerol,275.0,France,4.5
Montrachet Grand Cru,11862.5,France,4.7
Veneto Alzero Cabernet,458.0,Italie,4.7
Pauillac (Grand Cru Classé),244.59,France,4.4
Lodovico,737.5,Italie,4.6
Harlequin,286.0,Italie,4.7
L'Apparita,397.5,Italie,4.4
Toscana,2028.75,Italie,4.7
Cuvée Ernest Riesling Alsace Sélection de Grains Nobles,133.8,France,4.5
Redigaffi Toscana,470.0,Italie,4.5
Vosne-Romanée Premier Cru 'Les Suchots',1046.25,France,4.3
Brunello di Montalcino,182.5,Italie,4.5
Trasnocho,104.59,Espagne,4.5
Kairos,221.25,Italie,4.4
Predappio Massera,184.8,Italie,4.4
Saint-Julien (Grand Cru Classé),349.91,France,4.4
Vigneto Bellavista Chianti Classico,331.25,Italie,4.4
Mazzano Amarone Della Valpolicella Classico,182.5,Italie,4.5
Brunello di Montalcino Riserva,331.25,Italie,4.4
Barolo Rocche,150.0,Italie,4.4
Vieilles Vignes Mazis-Chambertin Grand Cru,1260.0,France,4.5
Sperss Barolo,462.5,Italie,4.6
Clos de Vougeot,1686.25,France,4.4
Blanc de Blancs Brut Champagne (Vintage),148.8,France,4.3
Gabbro Toscana,148.75,Italie,4.4
Finca Bella Vista Malbec,99.95,Argentine,4.5
Pomerol,470.0,France,4.4
Barolo Monprivato,470.0,Italie,4.4
Lindaflor Blend,80.5,Argentine,4.3
Toscana,206.25,Italie,4.5
Brunello di Montalcino Riserva,265.0,Italie,4.4
Brunello di Montalcino Riserva Pianrosso Santa Caterina d'Oro,217.5,Italie,4.5
Saint-Estèphe (Grand Cru Classé),179.95,France,4.3
La Muse,494.9,États-Unis,4.5
Pietro Dal Cero Amarone della Valpolicella,82.5,Italie,4.5
Aegusa,102.2,Italie,4.6
Toscana,2562.5,Italie,4.7
50 & 50,233.75,Italie,4.4
Finca Altamira Malbec,99.95,Argentine,4.5
Mazzano Amarone Della Valpolicella Classico,190.0,Italie,4.5
Brunello di Montalcino Riserva,585.0,Italie,4.6
Campo Alla Sughera,126.25,Italie,4.4
Clos Sainte Hune Riesling Alsace,448.75,France,4.5
Messorio,448.75,Italie,4.5
Pomerol,619.75,France,4.3
Vin Santo di Montepulciano Occhio di Pernice,491.25,Italie,4.4
Barsac (Premier Grand Cru Classé),1056.25,France,4.4
Brunello di Montalcino Riserva,114.5,Italie,4.4
Falletto Barolo,325.0,Italie,4.4
Chambertin-Clos de Bèze Vieilles Vignes Grand Cru,1451.25,France,4.5
Barolo Riserva Vigna Rionda,155.0,Italie,4.3
Amarone della Valpolicella Classico,51.95,Italie,4.3
Baffonero Maremma Toscana,353.75,Italie,4.5
Charmes-Chambertin Grand Cru,230.0,France,4.4
Brunello di Montalcino,265.0,Italie,4.5
Crichet Pajè Barbaresco,2306.25,Italie,4.5
Ulysses,185.0,États-Unis,4.3
Puligny-Montrachet Premier Cru Clos du Cailleret,331.25,France,4.3
Saint-Émilion Grand Cru,730.0,France,4.4
Nuits-Saint-Georges,9482.5,France,4.4
Redigaffi Toscana,713.75,Italie,4.5
Cerretalto Brunello di Montalcino,470.75,Italie,4.7
Ermitage Ex-Voto,310.0,France,4.4
Corton-Charlemagne Grand Cru,811.25,France,4.4
Chambolle-Musigny Les Baudes,387.2,France,4.2
Saint-Emilion Grand Cru (Premier Grand Cru Classé),289.83,France,4.4
Serral del Vell Brut Nature,52.95,Espagne,4.3
Musigny Grand Cru (Cuveé Vieilles Vignes),2092.5,France,4.6
Red,399.0,États-Unis,4.6
Campogiovanni Brunello di Montalcino Riserva Il Quercione,80.0,Italie,4.5
Brunello di Montalcino,190.0,Italie,4.3
Campo Inferi Amarone della Valpolicella Classico Riserva,74.5,Italie,4.6
Brunello di Montalcino Riserva,137.5,Italie,4.5
Nine Popes,114.6,Australie,4.3
Falletto Barbaresco Asili,265.0,Italie,4.4
Reserva Particular de Recaredo Gran Reserva Brut Nature,89.95,Espagne,4.4
Vigna Madonna Assunta La Villa Barolo Riserva,342.5,Italie,4.4
Pommard 1er Cru Les Rugiens-Bas,338.8,France,4.3
The Stork,57.95,Afrique du Sud,4.5
Cerretalto Brunello di Montalcino,491.25,Italie,4.7
Capitel Monte Olmi Amarone della Valpolicella Classico Riserva,74.95,Italie,4.3
Il 'Divasco' Riserva,118.75,Italie,4.4
Cuvée Kermesse Rosso,106.25,Italie,4.2
Chardonnay,76.0,Afrique du Sud,4.4
Cuvée des Enchanteleurs Brut Champagne,1387.5,France,4.5
Brunello di Montalcino Riserva Madonna del Piano,249.5,Italie,4.5
Brunello di Montalcino,101.25,Italie,4.3
Cuvée des Enchanteleurs Brut Champagne,512.5,France,4.5
Red,270.64,États-Unis,4.6
Clos de la Roche Grand Cru Cuvée Vieilles Vignes,2518.75,France,4.4
Predappio Massera,148.8,Italie,4.4
Amarone della Valpolicella,61.3,Italie,4.3
Sed de Caná,131.6,Espagne,4.5
Montrachet Grand Cru Blanc,1135.0,France,4.5
Brunello di Montalcino,420.0,Italie,4.3
Tenuta Nuova Brunello di Montalcino,427.5,Italie,4.5
Amour de Deutz Millesimé Rosé Brut Champagne,199.0,France,4.5
Don PX Convento Selección,198.4,Espagne,4.7
Il Ritrovo,39.9,Italie,4.4
Vecchie Vigne Brunello di Montalcino,145.0,Italie,4.3
Châteauneuf-du-Pape Amiral G,157.4,France,4.5
Tokaji Aszú 3 Puttonyos,43.72,Hongrie,4.3
888 Pinotage Gold,105.0,Afrique du Sud,4.6
Millecento Brunello di Montalcino Riserva,149.5,Italie,4.6
Calle Merlot Rosso Veronese,55.95,Italie,4.4
Montrachet Grand Cru Marquis de Laguiche,1601.25,France,4.6
Le Montrachet Grand Cru,1302.5,France,4.5
Chambolle-Musigny Premier Cru 'Les Feusselottes',1686.25,France,4.4
Campo Alla Sughera,160.0,Italie,4.4
Amarone Senza Titolo,137.5,Italie,4.5
Reserve Pinotage,45.5,Afrique du Sud,4.4
Barolo Riserva Monprivato Cà d'Morissio,961.25,Italie,4.6
Le Montrachet Grand Cru,1872.5,France,4.5
Don PX Convento Selección,239.6,Espagne,4.7
Amarone della Valpolicella Vigna Garzon,87.5,Italie,4.4
Barolo Cannubi,115.0,Italie,4.2
Pauillac (Premier Grand Cru Classé),1601.25,France,4.6
Sassicaia,836.3,Italie,4.6
Château Margaux (Premier Grand Cru Classé),955.05,France,4.6
Costasera Amarone della Valpolicella Classico,201.25,Italie,4.3
Saint-Julien (Grand Cru Classé),349.91,France,4.4
Sauternes,811.25,France,4.7
Pauillac (Premier Grand Cru Classé),1750.0,France,4.6
Tignanello,420.0,Italie,4.5
Saint-Émilion Grand Cru (Premier Grand Cru Classé),995.0,France,4.6
Rutherford,265.0,États-Unis,4.6
Amarone della Valpolicella Classico,276.25,Italie,4.3
St. Henri Shiraz,129.5,Australie,4.4
Dalmau Rioja,168.75,Espagne,4.4
Insignia,645.0,États-Unis,4.6
Valbuena 5º,202.2,Espagne,4.6
Grange,1265.0,Australie,4.7
Grand Vin de Château Palmer (Grand Cru Classé),390.0,France,4.5
Saint-Julien (Grand Cru Classé),618.75,France,4.4
Amarone della Valpolicella Classico Riserva (Sergio Zenato),82.95,Italie,4.5
Saint-Émilion Grand Cru (Premier Grand Cru Classé),545.0,France,4.6
Torre Muga,79.95,Espagne,4.4
Contador Rioja,365.0,Espagne,4.6
Saint-Émilion Grand Cru (Premier Grand Cru Classé),453.58,France,4.5
Reserva Particular de Recaredo Gran Reserva Brut Nature,165.9,Espagne,4.4
Pauillac (Grand Cru Classé),239.4,France,4.4
Trasnocho,92.95,Espagne,4.5
Côte-Rôtie La Turque,425.0,France,4.6
Pessac-Léognan (Grand Cru Classé de Graves),575.0,France,4.5
Valpolicella Classico Superiore,117.9,Italie,4.5
Brunello di Montalcino,305.0,Italie,4.5
Brunello di Montalcino Riserva,132.5,Italie,4.5
Barbaresco,512.5,Italie,4.5
Saint-Estèphe (Grand Cru Classé),420.0,France,4.3
Aconcagua Valley,130.75,Chili,4.5
Quarz Sauvignon,265.0,Italie,4.4
Redigaffi Toscana,545.0,Italie,4.5
Toscana I Sodi di San Niccolo,271.25,Italie,4.4
Chateauneuf-du-Pape Réserve des Célestins,1601.25,France,4.6
Rioja 150 Aniversario,107.28,Espagne,4.2
Sperss Barolo,896.25,Italie,4.6
Brunello di Montalcino Riserva Vigna Paganelli,146.25,Italie,4.3
Vosne-Romanée 1er Cru 'Aux Malconsorts',2092.5,France,4.5
Côte-Rôtie,331.25,France,4.4
La Chapelle de La Mission Haut-Brion Pessac-Léognan,104.69,France,4.2
Amarone della Valpolicella Classico Mater,146.3,Italie,4.5
VIK,134.95,Chili,4.6
Pietro Dal Cero Amarone della Valpolicella,75.0,Italie,4.5
Barsac (Premier Grand Cru Classé),38.09,France,4.4
MV,120.0,France,4.5
Brunello di Montalcino,114.95,Italie,4.4
Cirsion Rioja,219.95,Espagne,4.6
La Faraona Bierzo (Corullón),2071.25,Espagne,4.6
IX Estate Red,745.0,États-Unis,4.7
Brunello di Montalcino,79.95,Italie,4.3
Saint-Émilion Grand Cru (Premier Grand Cru Classé),158.43,France,4.3
Brunello di Montalcino Riserva,182.5,Italie,4.4
Saint-Émilion Grand Cru (Premier Grand Cru Classé),1042.1,France,4.6
Vigna Colonnello Barolo Riserva Bussia,299.95,Italie,4.4
Pieve Santa Restituta Brunello di Montalcino,132.5,Italie,4.4
La Cueva del Contador Rioja,69.95,Espagne,4.3
Lupicaia,150.0,Italie,4.4
Barolo Monprivato,597.5,Italie,4.4
Brunello di Montalcino Riserva,165.0,Italie,4.4
Red,409.5,États-Unis,4.6
Veneto Rosso del Bepi,189.9,Italie,4.6
Brunello di Montalcino,69.5,Italie,4.3
Le Lucére Brunello di Montalcino Riserva,184.95,Italie,4.4
Barolo Cascina Francia,705.0,Italie,4.5
Lupi Rezerva,61.29,Moldavie,4.5
Vigna Grande Cerzito Taurasi Riserva,165.0,Italie,4.5
Brunello di Montalcino,92.5,Italie,4.4
Madonna delle Grazie Brunello di Montalcino,811.25,Italie,4.5
Roccolo Ludwig Barth von Barthenau,321.25,Italie,4.4
Cerretalto Brunello di Montalcino,379.0,Italie,4.7
Musigny Grand Cru,1199.0,France,4.6
Gran VU Blend,99.8,Argentine,4.5
Saint-Julien (Grand Cru Classé),201.25,France,4.3
Pessac-Léognan (Grand Cru Classé de Graves),120.07,France,4.4
Gran Reserva Ribera del Duero,90.0,Espagne,4.5
Viña El Pison,555.0,Espagne,4.6
Clos Apalta,212.75,Chili,4.6
Barolo Sorì Ginestra,331.25,Italie,4.3
Messorio,480.0,Italie,4.5
Brunello di Montalcino,178.75,Italie,4.3
Flaccianello della Pieve,512.5,Italie,4.5
Côtes du Rhône,180.0,France,4.3
Brunello di Montalcino Riserva,243.75,Italie,4.4
Clos Sainte Hune Riesling Alsace,700.0,France,4.5
Tokaji Aszú 3 Puttonyos,44.69,Hongrie,4.3
Barolo Bussia Vigna Munie,260.0,Italie,4.4
Côte-Rôtie La Landonne,375.0,France,4.6
Aegusa,157.8,Italie,4.6
Toscana,225.0,Italie,4.5
A50 Amarone della Valpolicella,99.0,Italie,4.6
Barolo Riserva Bricco Boschis Vigna San Giuseppe,661.25,Italie,4.3
Brunello di Montalcino,265.0,Italie,4.3
Lagrein Riserva Porphyr,142.5,Italie,4.4
Gaudium,65.0,Espagne,4.3
Moncerbal Bierzo (Corullón),109.95,Espagne,4.3
Chapelle d'Ausone Saint-Émilion Grand Cru,224.53,France,4.4
Pessac-Léognan Blanc (Grand Cru Classé de Graves),533.75,France,4.3
Toscana Rosso,431.25,Italie,4.5
Vigna Grande Cerzito Taurasi Riserva,159.95,Italie,4.5
Pian delle Vigne Vignaferrovia Brunello di Montalcino Riserva,217.5,Italie,4.5
Predappio Massera,136.7,Italie,4.4
Brunello di Montalcino  Montosoli,92.5,Italie,4.4
Aquilon Garnacha,142.95,Espagne,4.6
Brunello di Montalcino Riserva,69.99,Italie,4.4
Ribera del Duero Prestigio,67.95,Espagne,4.4
Tenuta Guado al Tasso Matarocchio,961.25,Italie,4.6
Bruno Lunelli Riserva,1238.75,Italie,4.5
Altagracia Cabernet Sauvignon,162.15,États-Unis,4.4
Brunello di Montalcino Riserva,113.98,Italie,4.5
B Bordicon Blend,53.44,Afrique du Sud,4.3
Don PX Selección,196.02,Espagne,4.5
Campo del Drago Brunello di Montalcino,119.95,Italie,4.4
Montrachet Grand Cru Marquis de Laguiche,1691.25,France,4.6
Brunello di Montalcino Riserva,224.0,Italie,4.4
Clos Vougeot Grand Cru,231.95,France,4.4
Vigneto Bellavista Chianti Classico,189.95,Italie,4.4
Fieramonte Amarone della Valpolicella Riserva,460.0,Italie,4.7
Cuvée des Cadettes Châteauneuf-du-Pape,109.95,France,4.4
Brunello di Montalcino Riserva,196.25,Italie,4.4
Lodovico,940.0,Italie,4.6
Amarone della Valpolicella,101.2,Italie,4.4
Pomerol,138.67,France,4.3
Cuvée Risleus Brut Champagne Premier Cru,106.5,France,4.4
Luce Brunello di Montalcino,212.5,Italie,4.5
Corton-Charlemagne Grand Cru,119.04,France,4.4
Pedrouzos Godello,168.95,Espagne,4.5
Avizoise Blanc de Blancs Extra Brut Champagne Grand Cru 'Avize',234.0,France,4.4
Brunello di Montalcino Riserva,160.0,Italie,4.4
Red,59.75,Chili,4.1
Pietradonice,102.12,Italie,4.3
Brunello di Montalcino,82.5,Italie,4.3
Pajè Barbaresco,331.25,Italie,4.3
Amaya Arzuaga (Colección),75.0,Espagne,4.3
Sorì Tildìn (Barbaresco) Langhe,1025.0,Italie,4.6
Fieramonte Amarone della Valpolicella Riserva,434.95,Italie,4.7
Toscana Bianco,703.75,Italie,4.5
Vin de Pays de l'Hérault Blanc,961.25,France,4.6
Pajè Barbaresco,555.0,Italie,4.3
Campo Inferi Amarone della Valpolicella Classico Riserva,104.9,Italie,4.6
The Mackenzie,52.5,Afrique du Sud,4.4
Costa Russi (Barbaresco) Langhe,1025.0,Italie,4.6
Barolo Bricco Rocche,726.25,Italie,4.4
La Grande Rue Grand Cru Monopole,1260.0,France,4.4
Brunello di Montalcino,397.5,Italie,4.5
Barolo Bussia Cicala,212.5,Italie,4.4
Il 'Divasco' Riserva,131.25,Italie,4.4
Clos des Lambrays Grand Cru,683.75,France,4.4
Cresasso Corvina Veronese,38.95,Italie,4.2
Grands-Échezeaux Grand Cru,1217.5,France,4.4
Kevin Arnold Shiraz,26.9,Afrique du Sud,4.2
Brunello di Montalcino Riserva,697.5,Italie,4.6
Clos de Vougeot Grand Cru,459.8,France,4.3
Lupi e Sirene Riserva,121.9,Italie,4.5
Lot 1,95.0,États-Unis,4.4
Per Sempre Syrah Toscana,337.5,Italie,4.5
Mazis-Chambertin Grand Cru,334.25,France,4.4
Historical XIXth Century Wine,340.0,France,4.4
Brunello di Montalcino Riserva,80.45,Italie,4.4
Nuits-Saint-Georges 1er Cru 'Clos des Corvées',1601.25,France,4.4
La Ricolma,832.5,Italie,4.2
Annonciade Champagne,231.3,France,4.3
Croce Del Gal Riserva Amarone della Valpolicella Classico,67.4,Italie,4.6
Gallina Barbaresco,353.75,Italie,4.4
Scharzhofberger Riesling Eiswein,2241.25,Allemagne,4.7
Chardonnay,77.0,Afrique du Sud,4.4
Cuvée Extase Blanc de Blancs Champagne Grand Cru,271.25,France,4.2
Cěrǎsum Riserva Amarone della Valpolicella,66.75,Italie,4.4
Vieux Marc de Bandol,138.75,France,4.5
Barolo Riserva Cannubi 1752,189.9,Italie,4.5
Corton-Charlemagne Grand Cru,811.25,France,4.4
Mazis-Chambertin Grand Cru Cuvée Madeleine Collignon,605.0,France,4.4
Vosne-Romanée Premier Cru Aux Reignots,5263.5,France,4.6
Chambertin Grand Cru,1025.0,France,4.4
Mazis-Chambertin Grand Cru,215.0,France,4.4
Adrianna Vineyard Mundus Bacillus Terrae Malbec,249.0,Argentine,4.6
Vin de Paille,56.2,France,4.5
Millecento Brunello di Montalcino Riserva,195.95,Italie,4.6
Gabbro Toscana,89.95,Italie,4.4
60 Sessantanni Old Vines Primitivo di Manduria,63.95,Italie,4.5
Pian delle Vigne Brunello di Montalcino,57.99,Italie,4.3
Opus One,535.0,États-Unis,4.6
Pauillac (Premier Grand Cru Classé),875.0,France,4.6
Sassicaia,448.8,Italie,4.6
Toscana,1095.0,Italie,4.7
Grands-Échézeaux Grande Cuvée Vieilles Vignes,555.0,France,4.4
Saint-Émilion Grand Cru (Premier Grand Cru Classé),950.0,France,4.6
Amarone della Valpolicella Classico,51.9,Italie,4.4
Amarone della Valpolicella Classico,88.75,Italie,4.5
Brunello di Montalcino,73.01,Italie,4.4
Tignanello,310.0,Italie,4.5
Bolgheri Superiore,225.0,Italie,4.6
Pomerol,259.88,France,4.4
Galatrona,99.95,Italie,4.3
Grange,1200.0,Australie,4.7
Toro,62.9,Espagne,4.4
Saint-Émilion Grand Cru (Premier Grand Cru Classé),905.55,France,4.6
Alexander Valley Cabernet Sauvignon,137.5,États-Unis,4.4
Sperss Barolo,470.0,Italie,4.6
Aconcagua Valley,124.59,Chili,4.5
Red,361.86,Chili,4.6
Sauternes,832.5,France,4.7
Clos de la Roche Grand Cru Cuvée Vieilles Vignes,961.25,France,4.4
Lodovico,535.0,Italie,4.6
Saint-Émilion Grand Cru (Premier Grand Cru Classé),389.0,France,4.6
L'Apparita,199.95,Italie,4.4
Tenuta Tignanello 'Solaia',592.5,Italie,4.6
Special Selection Cabernet Sauvignon,443.0,États-Unis,4.7
Grand Vin de Château Palmer (Grand Cru Classé),325.0,France,4.5
Pomerol,533.75,France,4.4
Pauillac (Premier Grand Cru Classé),695.0,France,4.6
Cos d'Estournel,209.95,France,4.4
Saint-Estèphe (Grand Cru Classé),179.95,France,4.3
Macán,163.8,Espagne,4.4
Campo León Amarone della Valpolicella,39.3,Italie,4.4
Fanòi Primitivo,43.5,Italie,4.4
Madonna delle Grazie Brunello di Montalcino,350.0,Italie,4.5
Clos Apalta,249.95,Chili,4.6
Pessac-Léognan (Premier Grand Cru Classé),765.0,France,4.6
Ares,198.8,Australie,4.4
Pieve Santa Restituta Brunello di Montalcino,118.8,Italie,4.4
Pauillac (Grand Cru Classé),169.95,France,4.4
Barón de Chirel Rioja Reserva,138.28,Espagne,4.4
5 Stelle Sfursat,265.0,Italie,4.5
Ribera del Duero Reserva,49.95,Espagne,4.3
Vin de Pays de l'Hérault,683.75,France,4.5
Saint-Julien (Grand Cru Classé),321.25,France,4.4
Isosceles,78.17,États-Unis,4.5
Pessac-Léognan (Grand Cru Classé de Graves),825.8,France,4.5
Bolgheri Superiore,152.5,Italie,4.3
VIK,135.95,Chili,4.6
Gallina Barbaresco,135.0,Italie,4.4
Chapelle d'Ausone Saint-Émilion Grand Cru,224.53,France,4.4
Campo del Titari Amarone della Valpolicella Classico Riserva,76.5,Italie,4.6
Falletto Barolo Le Rocche del Falletto Riserva,900.0,Italie,4.6
Barolo Monprivato,249.0,Italie,4.4
Margaux (Grand Cru Classé),66.19,France,4.2
Brunello di Montalcino,259.0,Italie,4.5
Domaine des Tourettes Hermitage Rouge,54.75,France,4.3
Tenuta Guado al Tasso Matarocchio,726.25,Italie,4.6
Beaune 1er Cru 'Clos des Mouches' Blanc,159.5,France,4.4
Montrachet Grand Cru Marquis de Laguiche,811.8,France,4.6
Amarone della Valpolicella Classico Riserva (Sergio Zenato),109.3,Italie,4.5
Gorgona,159.0,Italie,4.4
Côte-Rôtie La Turque,375.0,France,4.6
Barolo Monvigliero,1173.75,Italie,4.3
Flaccianello della Pieve,149.95,Italie,4.5
Il Pino di Biserno,90.0,Italie,4.3
Chassagne-Montrachet 1er Cru 'Morgeot',10543.75,France,4.4
Barbaresco Asili,273.75,Italie,4.4
Côte-Rôtie La Landonne,375.0,France,4.6
Barolo Enrico VI,166.25,Italie,4.4
Barolo Ginestra Casa Maté,98.5,Italie,4.4
El Carretil,255.0,Espagne,4.5
Gran Buig Priorat,360.7,Espagne,4.6
Aszú 6 puttonyos,84.8,Hongrie,4.5
5 Puttonyos Aszú (Blue Label),56.1,Hongrie,4.4
Rocche di Castiglione Barolo,168.75,Italie,4.3
Continuum Estate,299.0,États-Unis,4.6
Quarz Sauvignon,106.25,Italie,4.4
Falletto Barolo Le Rocche del Falletto,321.25,Italie,4.5
Félix Callejo (Viñedos de la Familia),180.5,Espagne,4.3
Roda I Reserva Rioja,59.95,Espagne,4.4
Amarone della Valpolicella,120.02,Italie,4.4
Viña El Pison,450.0,Espagne,4.6
Corton Grand Cru 'Clos Rognet',375.0,France,4.4
Barolo Cerretta,961.25,Italie,4.6
Siepi,78.0,Italie,4.4
Relentless,123.95,États-Unis,4.5
Châteauneuf-du-Pape Chaupin,68.0,France,4.2
Barrosu Cannonau di Sardegna Riserva Franzisca,105.9,Italie,4.4
Châteauneuf-Du-Pape Cuvée Des Générations Gaston-Philippe,100.15,France,4.4
Barolo Cascina Francia,470.0,Italie,4.5
Cerretta Barolo Riserva (Vigna Bricco),304.95,Italie,4.5
Arborina Barolo,130.35,Italie,4.4
Barolo Monvigliero,555.0,Italie,4.3
Lagrein Riserva Porphyr,155.0,Italie,4.4
Saint-Émilion Grand Cru,224.55,France,4.6
Aphrodite,186.3,Australie,4.4
Musigny Grand Cru (Cuveé Vieilles Vignes),1537.5,France,4.6
Capellanía Reserva,64.9,Espagne,4.1
Howell Mountain Cabernet Sauvignon,295.0,États-Unis,4.5
Côte-Rôtie La Mouline,375.0,France,4.6
Toscana I Sodi di San Niccolo,212.5,Italie,4.4
Ice Wine de Purcari,33.17,Moldavie,4.5
Barolo Sorì Ginestra,122.5,Italie,4.3
Chassagne-Montrachet Premier Cru Morgeot Marquis de Laguiche ,127.8,France,4.5
Falletto Barolo Le Rocche del Falletto Riserva,1110.0,Italie,4.6
Percarlo,160.0,Italie,4.3
Vénus Blanc de Blancs Brut Nature Champagne Grand Cru 'Avize',366.8,France,4.4
Pur Sang,139.0,France,4.3
Tenuta Nuova Brunello di Montalcino,121.0,Italie,4.5
Rapture Cabernet Sauvignon,106.0,États-Unis,4.3
Monte Bello,576.25,États-Unis,4.5
Bâtard-Montrachet Grand Cru,2050.0,France,4.6
Saperavi,46.77,Moldavie,4.4
Vosne-Romanée Premier Cru Aux Reignots,5263.5,France,4.6
Grands-Echezeaux Grand Cru,595.0,France,4.4
Bienvenues-Bâtard-Montrachet Grand Cru,295.0,France,4.5
Lupi Rezerva,36.55,Moldavie,4.5
The Laird,1173.75,Australie,4.7
Tokaji Aszú 5 Puttonyos,47.86,Hongrie,4.3
Brunello di Montalcino,144.95,Italie,4.5
Brunello di Montalcino,243.75,Italie,4.5
Series M,48.0,Afrique du Sud,4.4
Gold Series Syrah,105.05,États-Unis,4.4
Bassolino di Sopra Brunello di Montalcino,470.0,Italie,4.6
Bolgheri Superiore Sondraia,91.3,Italie,4.2
Piovesole Amarone della Valpolicella Classico,64.7,Italie,4.3
Brunello di Montalcino  Montosoli,72.85,Italie,4.4
La Landonne Côte-Rôtie,366.5,France,4.5
Barbaresco Asili,297.5,Italie,4.4
40 Years Old Port,145.0,Portugal,4.5
Roccolo Ludwig Barth von Barthenau,661.25,Italie,4.4
Bordeaux,51.15,France,4.3
Douro Quinta da Manoella VV Tinto,126.5,Portugal,4.3
Quarto Vecchio Amarone della Valpolicella Classico Riserva,67.0,Italie,4.5
Brunello di Montalcino Riserva,331.25,Italie,4.4
Valmezzane Amarone della Valpolicella,146.25,Italie,4.4
Adrianna Vineyard Mundus Bacillus Terrae Malbec,295.0,Argentine,4.6
MV,195.0,France,4.5
Pym-Rae Red Blend,405.0,États-Unis,4.5
Ermitage Ex-Voto,381.5,France,4.4
1694 Classification Red,105.0,Afrique du Sud,4.5
Barolo Le Vigne,107.5,Italie,4.3
Perpetual,54.49,Espagne,4.3
Valmezzane Amarone della Valpolicella,166.25,Italie,4.4
Amarone della Valpolicella Classico,92.5,Italie,4.4
Messorio,406.25,Italie,4.5
Bibbona,431.25,Italie,4.5
Tinto,95.0,Espagne,4.4
Amarone della Valpolicella,53.0,Italie,4.5
Adrianna Vineyard Mundus Bacillus Terrae Malbec,249.0,Argentine,4.6
Pomerol,259.88,France,4.4
Campo Inferi Amarone della Valpolicella Classico Riserva,70.5,Italie,4.6
Amarone della Valpolicella Classico,39.75,Italie,4.3
Clos de la Roche Grand Cru,618.75,France,4.4
Vignes Centenaires 'La Richemone',683.75,France,4.4
Pessac-Léognan Blanc (Grand Cru Classé de Graves),2000.0,France,4.5
Clos Saint-Denis Grand Cru,175.0,France,4.6
Hommage à Jacques Perrin Châteauneuf-du-Pape,575.0,France,4.5
Clos des Porrets Nuits-Saint-Georges 1er Cru,168.75,France,4.1
Domaine Grand Veneur Châteauneuf-Du-Pape Vieilles Vignes,119.0,France,4.3
Chardonnay,78.0,Afrique du Sud,4.4
Altura Máxima Malbec,132.98,Argentine,4.4
Champagne,337.5,France,4.5
Barbaresco Asili,178.75,Italie,4.4
Scharzhofberger Riesling Auslese,353.45,Allemagne,4.6
Cosimo Varvaglione Collezione Privata Negroamaro del Salento,39.8,Italie,4.3
Brunello di Montalcino Riserva,89.95,Italie,4.4
Corton-Charlemagne Grand Cru,1495.0,France,4.6
Brunello di Montalcino,135.0,Italie,4.3
Barolo Monvigliero,243.75,Italie,4.2
Bure Alto Amarone  della Valpolicella Classico Riserva,72.5,Italie,4.6
Pietradonice,89.95,Italie,4.3
Zeltinger Sonnenuhr Beerenauselese Riesling,190.0,Allemagne,4.5
Pegrandi Amarone della Valpolicella Classico,56.25,Italie,4.4
40 Years Old Tawny Port,150.95,Portugal,4.4
Romanée-Saint-Vivant Grand Cru Les Quatre Journaux,500.0,France,4.4
Rutherford Cabernet Sauvignon,147.5,États-Unis,4.3
Barolo Riserva Speciale Granbussia,1173.75,Italie,4.5
Don PX Convento Selección,429.76,Espagne,4.7
Barolo Cerretta,108.75,Italie,4.2
Charmes-Chambertin Grand Cru,290.5,France,4.5
Côte Rôtie La Brocarde,157.4,France,4.4
Octavius Amarone della Valpolicella Riserva,95.38,Italie,4.6
Chambertin Grand Cru,635.0,France,4.4
Puligny-Montrachet Premier Cru La Garenne,290.0,France,4.5
Corton-Bressandes Grand Cru,183.6,France,4.4
Falletto Barbaresco Rabaja,787.5,Italie,4.4
Clos Saint-Denis Grand Cru,195.0,France,4.6
L'Amarone del Maestro Fornaser,86.3,Italie,4.6
Puligny-Montrachet Premier Cru Les Combettes,491.25,France,4.4
Charmes-Chambertin Grand Cru,266.0,France,4.5
Montrachet Grand Cru,1815.0,France,4.6
Charmes-Chambertin Grand Cru,299.25,France,4.5
Collection Vintage 2000 Brut,182.5,France,4.6
Sancerre 'Clos la Néore',811.25,France,4.4
Secentenario,431.25,Italie,4.6
Regina del Bosco R.Quarantottomesi,118.8,Italie,4.5
Pandorga,44.3,Espagne,4.4
Mille E Una Notte,59.95,Italie,4.3
Bolgheri Superiore,225.0,Italie,4.6
Evenstad Reserve Pinot Noir,104.95,États-Unis,4.4
Georges De Latour Private Reserve Cabernet Sauvignon,119.0,États-Unis,4.4
Insignia,310.0,États-Unis,4.6
60 Sessantanni Old Vines Primitivo di Manduria,24.75,Italie,4.5
Opus One,527.6,États-Unis,4.6
Pauillac (Premier Grand Cru Classé),1900.0,France,4.6
Tenuta Tignanello 'Solaia',592.5,Italie,4.6
St. Henri Shiraz,134.95,Australie,4.4
Mendoza,93.7,Argentine,4.4
Saint-Émilion Grand Cru (Premier Grand Cru Classé),495.0,France,4.6
Saint-Émilion Grand Cru (Premier Grand Cru Classé),435.14,France,4.5
Corton-Charlemagne Grand Cru,199.0,France,4.4
Aconcagua Valley,124.68,Chili,4.5
Dona Ermelinda Grande Reserva,29.95,Portugal,4.4
Vin de Pays de l'Hérault Blanc,832.5,France,4.6
Pessac-Léognan (Premier Grand Cru Classé),795.0,France,4.6
Fusion V,36.1,Afrique du Sud,4.4
Paleo Rosso,114.95,Italie,4.4
Toscana,1095.0,Italie,4.7
Pessac-Léognan (Grand Cru Classé de Graves),121.95,France,4.4
Amarone della Valpolicella Classico,80.5,Italie,4.3
Turriga Isola dei Nuraghi,94.95,Italie,4.4
Pauillac (Grand Cru Classé),149.0,France,4.4
Barolo Monprivato,273.05,Italie,4.4
Valbuena 5º,179.95,Espagne,4.6
Saint-Émilion Grand Cru (Premier Grand Cru Classé),813.31,France,4.6
Rutherford,227.25,États-Unis,4.6
Papillon,79.95,États-Unis,4.5
Ribera del Duero Reserva,39.95,Espagne,4.3
Toro,67.16,Espagne,4.4
Saint-Émilion Grand Cru (Premier Grand Cru Classé),1625.0,France,4.6
Dominus (Christian Moueix),765.9,États-Unis,4.5
Blanc,1003.75,France,4.3
Saint-Émilion Grand Cru (Premier Grand Cru Classé),334.7,France,4.4
Amarone della Valpolicella Classico,46.25,Italie,4.4
Cabernet Sauvignon (Signature),106.96,États-Unis,4.6
Memorias,29.95,Chili,4.3
Chafandin,55.5,Espagne,4.2
Château Margaux (Premier Grand Cru Classé),1570.0,France,4.6
Pessac-Léognan (Grand Cru Classé de Graves),124.22,France,4.3
Amarone della Valpolicella Classico,49.8,Italie,4.3
Mai The First A.Montes Malbec,68.95,Argentine,4.4
Gran Enemigo,69.95,Argentine,4.5
Saint-Julien (Grand Cru Classé),145.95,France,4.3
Pauillac (Grand Cru Classé),93.53,France,4.4
Brunello di Montalcino,68.8,Italie,4.4
Flor de Pingus,212.5,Espagne,4.5
Pomerol,324.45,France,4.4
Saint-Émilion Grand Cru,186.09,France,4.4
San Vicente Rioja,49.95,Espagne,4.3
CASK 23 Cabernet Sauvignon,360.0,États-Unis,4.6
Redigaffi Toscana,480.0,Italie,4.5
Aile d'Argent Blanc Bordeaux,201.25,France,4.2
Vin de Pays de l'Hérault,618.75,France,4.5
Reserva Ribera del Duero,39.55,Espagne,4.3
Es Riserva,125.95,Italie,4.5
Bramare Marchiori Vineyard Malbec,142.5,Argentine,4.5
Pessac-Léognan (Grand Cru Classé de Graves),389.02,France,4.5
Barolo Bussia Romirasco,331.25,Italie,4.5
Winemaker's Selection,35.4,Croatie,4.3
Flaccianello della Pieve,243.75,Italie,4.5
Castello della Sala Muffato della Sala,68.75,Italie,4.3
Barolo Cascina Francia,397.5,Italie,4.5
Quarz Sauvignon,243.75,Italie,4.4
Galatrona,99.95,Italie,4.3
Toscana,68.0,Italie,4.2
Pauillac (Grand Cru Classé),1025.0,France,4.4
Series C,75.0,Afrique du Sud,4.5
Cabernet Sauvignon,85.95,États-Unis,4.4
Saint-Julien (Grand Cru Classé),55.5,France,4.3
Percarlo,182.5,Italie,4.3
Rubicon,375.0,États-Unis,4.6
Cos d'Estournel,222.99,France,4.4
Pomerol,512.5,France,4.5
Côte-Rôtie La Turque,453.0,France,4.6
Merlot (Signature),69.94,États-Unis,4.3
Viña El Pison,437.5,Espagne,4.6
La Grande Rue Grand Cru Monopole,1387.5,France,4.4
Scharzhofberger Riesling Auslese,661.0,Allemagne,4.6
Corton-Charlemagne Grand Cru,215.0,France,4.4
S.L.V. Cabernet Sauvignon,199.95,États-Unis,4.5
Barolo Cerretta,397.5,Italie,4.6
5 Stelle Sfursat,90.0,Italie,4.5
Charmes-Chambertin Grand Cru,1025.0,France,4.4
Clos de la Roche Grand Cru Cuvée Vieilles Vignes,961.25,France,4.4
Cabernet - Cabernet,95.0,Argentine,4.3
Dagromis Barolo,120.0,Italie,4.3
Pinotage,39.95,Afrique du Sud,4.4
Clos de Tart Grand Cru Monopole,1473.75,France,4.5
Colore Toscana,233.05,Italie,4.4
Maya,595.0,États-Unis,4.6
Chateau Buena Vista Cabernet Sauvignon Napa Valley,61.95,États-Unis,4.3
Barolo Riserva,64.95,Italie,4.4
Saffredi,94.5,Italie,4.4
Les Pavots,412.5,États-Unis,4.6
Silex,159.0,France,4.5
Continuum Estate,357.0,États-Unis,4.6
Barolo Rocche di Castiglione,683.75,Italie,4.4
Per Sempre Syrah Toscana,167.5,Italie,4.5
Per Sempre Syrah Toscana,185.0,Italie,4.5
Saint-Julien (Grand Cru Classé),104.95,France,4.3
The Black Lion,210.0,Afrique du Sud,4.7
Corte di Cama Sforzato di Valtellina,55.0,Italie,4.3
Ermitage Ex-Voto,409.5,France,4.4
FAY Cabernet Sauvignon,175.95,États-Unis,4.5
Pomerol,681.5,France,4.4
Gewürztraminer Lunare,72.5,Italie,4.3
Barbera d'Alba Vigna Francia,111.25,Italie,4.3
Côte-Rôtie La Mouline,453.0,France,4.6
Faith,112.0,Afrique du Sud,4.5
Il Pino di Biserno,90.0,Italie,4.3
Macán Clásico,56.0,Espagne,4.3
L'Apparita,225.0,Italie,4.4
Côtes de Bourg,89.19,France,4.4
Côte-Rôtie La Landonne,453.0,France,4.6
Amarone della Valpolicella Classico,101.25,Italie,4.5
Toscana,154.0,Italie,4.5
Dogs of the Barossa Shiraz,48.95,Australie,4.4
Brunello di Montalcino,223.1,Italie,4.5
Esporão Private Selection Tinto,74.95,Portugal,4.3
Oreno Toscana,146.25,Italie,4.3
Vosne-Romanée Premier Cru Les Suchots,420.0,France,4.3
Pomerol,134.89,France,4.3
Chapelle-Chambertin Grand Cru,4163.75,France,4.5
Corton-Charlemagne Grand Cru,225.5,France,4.4
Cabernet Sauvignon,121.95,États-Unis,4.4
Grace Vineyard Pinot Noir,225.0,États-Unis,4.5
Toscana Il Pareto,64.9,Italie,4.3
Au Paradis Cabernet Sauvignon,412.5,États-Unis,4.6
Lion Tamer Napa Valley Red Blend,64.99,États-Unis,4.3
The Armagh Shiraz,298.0,Australie,4.5
Don PX Convento Selección,298.58,Espagne,4.7
LR,168.75,Italie,4.5
Brunello di Montalcino Riserva,353.75,Italie,4.4
Buisson Renard,125.95,France,4.3
Amarone della Valpolicella Classico,55.6,Italie,4.3
Hommage à Jacques Perrin Châteauneuf-du-Pape,415.0,France,4.5
Saint-Émilion Grand Cru,269.16,France,4.6
Cuvée des Hussards Vieilles Vignes Brut Champagne Premier Cru,189.0,France,4.5
Pomerol,280.0,France,4.5
Bassolino di Sopra Brunello di Montalcino,310.0,Italie,4.6
Contador Rioja,250.0,Espagne,4.6
Cabernet Sauvignon,275.0,États-Unis,4.6
Siepi,102.95,Italie,4.4
Amarone della Valpolicella,54.0,Italie,4.5
Chevalier-Montrachet Grand Cru Blanc,961.25,France,4.4
Duemani Cabernet Franc,150.9,Italie,4.4
Grand Vin,109.95,Espagne,4.4
123 Brunello di Montalcino Riserva,91.1,Italie,4.4
Mark Bradford Vineyard Pinot Noir,199.95,États-Unis,4.5
Les Ruchons Sancerre Blanc,93.0,France,4.4
VV 26 Blanc de Blancs Vieilles Vignes Grand Cru Brut,145.0,France,4.5
Douro Quinta da Manoella VV Tinto,98.95,Portugal,4.3
Series M,66.95,Afrique du Sud,4.4
Kupra Marche,376.25,Italie,4.5
Amarone della Valpolicella,55.0,Italie,4.4
Les Grandes Places Côte-Rôtie,220.6,France,4.4
La Cueva del Contador Rioja,77.65,Espagne,4.3
Nuits-Saint-Georges 1er Cru Les Damodes,76.25,France,4.1
Saint-Joseph,178.75,France,4.3
Chapelle d'Ausone Saint-Émilion Grand Cru,452.6,France,4.4
Chassagne-Montrachet,96.25,France,4.3
Graacher Himmelreich Riesling Auslese 'Goldkapsel',233.4,Allemagne,4.6
Richebourg Grand Cru,1152.5,France,4.5
Chambertin Clos de Bèze Grand Cru,530.0,France,4.4
La Landonne Côte-Rôtie,377.3,France,4.5
Vosne-Romanée,747.5,France,4.3
Grands-Echezeaux Grand Cru,270.0,France,4.4
Riserva Nova Domus Terlaner,81.25,Italie,4.3
Charmes-Chambertin Grand Cru,250.0,France,4.4
Corton-Charlemagne Grand Cru,408.75,France,4.4
Pessac-Léognan Blanc (Grand Cru Classé de Graves),923.99,France,4.5
Bure Alto Amarone  della Valpolicella Classico Riserva,99.0,Italie,4.6
Rioja Reserva 10 Años Después Edición Limitada,46.95,Espagne,4.4
Mazis-Chambertin Grand Cru,234.25,France,4.4
Habemus Lazio Rosso (Etichetta Rossa),153.75,Italie,4.5
Pour Vous Sancerre,57.0,France,4.5
Vigna Molsino,135.98,Italie,4.3
Saint-Émilion Grand Cru,158.43,France,4.4
d'Alceo,232.5,Italie,4.4
Les Manyes,215.44,Espagne,4.4
Corton-Charlemagne Grand Cru,123.38,France,4.4
Chassagne-Montrachet 1er Cru 'La Maltroie',195.0,France,4.3
Colheita Porto Branco,118.95,Portugal,4.6
Mironia Black Edition Tempranillo,51.4,Espagne,4.5
Charmes-Chambertin Grand Cru,182.5,France,4.3
Alàuda,111.5,Italie,4.5
De Buris Amarone della Valpolicella Classico Riserva,448.75,Italie,4.7
Le Lucére Brunello di Montalcino Riserva,790.0,Italie,4.4
110 e Lode Merlot,53.8,Italie,4.4
Ciliegio Amarone della Valpolicella,173.6,Italie,4.5
Fino La Barajuela,40.95,Espagne,4.4
Charmes-Chambertin Grand Cru,336.9,France,4.4
Corton-Bressandes Grand Cru,183.6,France,4.4
Carpathia Heritage,36.08,Roumanie,4.4
Clos Vougeot Grand Cru,237.85,France,4.4
Collina Rionda di Serralunga Barolo,7563.75,Italie,4.5
Malbec,25.99,Argentine,4.2
Bolgheri Superiore,417.5,Italie,4.6
Sassicaia,495.0,Italie,4.6
Almaviva,195.0,Chili,4.6
Cabernet Sauvignon,177.95,États-Unis,4.6
Opus One,370.0,États-Unis,4.6
Cos d'Estournel,229.95,France,4.4
Pessac-Léognan (Grand Cru Classé de Graves),495.0,France,4.5
One Point Five Cabernet Sauvignon,125.95,États-Unis,4.5
Châteauneuf-du-Pape,119.5,France,4.4
Ribera del Duero,81.64,Espagne,4.5
Tenuta Tignanello 'Solaia',342.0,Italie,4.6
Château Margaux (Premier Grand Cru Classé),1188.05,France,4.6
Toscana,1137.4,Italie,4.7
Sauternes,490.0,France,4.7
Insignia,315.0,États-Unis,4.6
Pessac-Léognan (Premier Grand Cru Classé),309.48,France,4.6
Tignanello,135.0,Italie,4.5
Luce,206.25,Italie,4.4
Saint-Émilion Grand Cru (Premier Grand Cru Classé),455.2,France,4.6
Baron de L Pouilly-Fumé,97.95,France,4.4
Rioja Blanco Reserva,107.65,Espagne,4.4
Pomerol,750.8,France,4.4
Bonnes-Mares Grand Cru,1323.75,France,4.5
Rutherford,260.19,États-Unis,4.6
Cabernet Sauvignon,95.95,États-Unis,4.4
Gorgona Rosso,331.25,Italie,4.5
Gorgona Rosso,321.25,Italie,4.5
Aconcagua Valley,124.68,Chili,4.5
Saint-Julien (Grand Cru Classé),254.29,France,4.4
Il Bacca Old Vine Primitivo di Manduria,27.75,Italie,4.4
Pauillac (Premier Grand Cru Classé),1363.05,France,4.6
Nosotros Single Vineyard Nómade,125.0,Argentine,4.6
Pomerol,6300.0,France,4.7
Georges De Latour Private Reserve Cabernet Sauvignon,199.95,États-Unis,4.4
Saint-Émilion Grand Cru (Premier Grand Cru Classé),1687.5,France,4.6
Flaccianello della Pieve,138.95,Italie,4.5
Saint-Émilion Grand Cru (Premier Grand Cru Classé),293.63,France,4.4
Pauillac (Grand Cru Classé),243.75,France,4.4
Chardonnay,78.95,États-Unis,4.3
Ai Suma Barbera d'Asti,84.0,Italie,4.4
Cepparello Red,190.0,Italie,4.3
Saint-Julien (Grand Cru Classé),226.28,France,4.4
Riesling 'Le Gallais' Wiltinger Braune Kupp Auslese,229.05,Allemagne,4.5
Quinta da Leda Douro,30.0,Portugal,4.4
Pessac-Léognan (Grand Cru Classé de Graves),157.95,France,4.3
Treinta y Dos Pinot Noir,182.5,Argentine,4.4
Siepi,88.38,Italie,4.4
Saint-Émilion Grand Cru (Premier Grand Cru Classé),895.0,France,4.6
Mendoza,105.85,Argentine,4.4
Charmes-Chambertin Grand Cru,299.25,France,4.5
Nicolás Catena Zapata,84.0,Argentine,4.4
Cosimo Varvaglione Collezione Privata Primitivo di Manduria,31.45,Italie,4.5
Rubicon,242.25,États-Unis,4.6
Cabernet Sauvignon,209.05,États-Unis,4.6
Morey-Saint-Denis Tres Girard,1025.0,France,4.4
Saffredi,157.5,Italie,4.4
Colheita Porto,39.9,Portugal,4.4
Valdegines,61.3,Espagne,4.2
Vin de Constance (Natural Sweet),66.08,Afrique du Sud,4.6
Amarone della Valpolicella Classico,37.5,Italie,4.3
Pomerol,295.0,France,4.5
Clos Saint Denis Grand Cru,291.9,France,4.4
Cabernet - Cabernet,161.3,Argentine,4.3
Echezeaux Grand Cru,376.25,France,4.3
Puligny-Montrachet,100.5,France,4.3
Pauillac (Grand Cru Classé),276.79,France,4.4
Amancio,94.95,Espagne,4.5
Castello della Sala Cervaro della Sala,130.0,Italie,4.4
Victorino,43.95,Espagne,4.3
Collina Rionda di Serralunga Barolo,5123.75,Italie,4.5
Eight Years In The Desert,64.35,États-Unis,4.4
Saint-Émilion Grand Cru (Premier Grand Cru Classé),379.0,France,4.5
Zeltinger Sonnenuhr Beerenauslese,287.5,Allemagne,4.7
Pomerol,618.75,France,4.4
Bramare Malbec Uco Valley,60.2,Argentine,4.4
Book 17 XVII,210.0,Afrique du Sud,4.7
Echezeaux Grand Cru,2113.75,France,4.5
Bricco dell'Uccellone Barbera d'Asti,59.9,Italie,4.3
Papillon,216.0,États-Unis,4.5
Chambertin Grand Cru,2967.5,France,4.4
Clos de Tart Grand Cru Monopole,1473.75,France,4.5
Cirsion Rioja,232.82,Espagne,4.6
Douro,58.95,Portugal,4.4
Vigne Vecchie Gold Series Leggenda Primitivo di Manduria,23.95,Italie,4.3
L'Hermitage,726.25,France,4.6
Quincha Corral,78.94,Espagne,4.4
Malleolus de Sanchomartin,134.95,Espagne,4.6
Perpiero,59.95,Italie,4.6
Pessac-Léognan Blanc (Grand Cru Classé de Graves),902.42,France,4.5
Pym-Rae Red Blend,435.0,États-Unis,4.5
Gran Corte (VII),64.7,Argentine,4.4
Royal St Robert Cuvée Pinot Noir,79.95,États-Unis,4.3
Continuum Estate,375.0,États-Unis,4.6
Finn Pinot Noir,129.95,États-Unis,4.5
Kairos,97.5,Italie,4.4
Nuits-Saint-Georges 1er Cru 'Clos des Corvées',1451.25,France,4.4
Hohenmorgen G.C,162.3,Allemagne,4.4
Old Vines Primitivo di Manduria,20.95,Italie,4.4
Camí Pesseroles,84.95,Espagne,4.5
Amarone della Valpolicella,39.95,Italie,4.3
Chevalier-Montrachet Grand Cru Les Demoiselles,1056.25,France,4.4
El Carretil,242.5,Espagne,4.5
Gran Malbec (X),56.9,Argentine,4.3
Redigaffi Toscana,250.45,Italie,4.5
La Vina de Corteo,99.95,Espagne,4.7
TD9,79.95,États-Unis,4.3
Cabernet Sauvignon,134.95,États-Unis,4.4
La Poza de Ballesteros,167.5,Espagne,4.4
Blueline Estate Cabernet Sauvignon,195.0,États-Unis,4.5
Chapelle d'Ausone Saint-Émilion Grand Cru,187.86,France,4.4
Maggiarino Vino Nobile di Montepulciano,67.95,Italie,4.3
Barbera d'Alba Vigna Francia,221.25,Italie,4.3
Bolgheri Superiore,92.5,Italie,4.4
Viña El Pison,425.0,Espagne,4.6
Clos Vougeot Grand Cru,231.95,France,4.4
Maya,745.0,États-Unis,4.6
L'Apparita,440.0,Italie,4.4
One Sixteen Chardonnay,99.95,États-Unis,4.4
Permassimo,166.15,Italie,4.7
Quiñon de Valmira,395.0,Espagne,4.6
Raut Lagrein,66.3,Italie,4.5
Saint-Émilion Grand Cru,544.78,France,4.6
De Buris Amarone della Valpolicella Classico Riserva,448.75,Italie,4.7
Pochi Filagn Barbera d'Alba,118.75,Italie,4.2
Denarius Graves,810.0,France,4.5
Kalkofen G.C,148.1,Allemagne,4.4
Magma,602.0,Italie,4.5
Guerriero della Terra,27.4,Italie,4.4
Marmar,109.95,Allemagne,4.5
Minami,59.99,Espagne,4.4
Tokaji Aszú 6 Puttonyos,66.98,Hongrie,4.4
Asili Barbaresco Vecchie Viti,790.0,Italie,4.4
Palazzi Rosso Toscana,279.0,Italie,4.4
Cristal Vinothèque,2113.75,France,4.7
Fratini Bolgheri Superiore,262.6,Italie,4.8
La Grande Rue Grand Cru Monopole,3181.25,France,4.4
Les Ouvrées Rodin Chambertin-Clos de Bèze Grand Cru,1150.0,France,4.5
Meursault 1er Cru 'Les Genevrières',217.5,France,4.3
Corton-Charlemagne Grand Cru Blanc,245.5,France,4.4
Clos de Tart Grand Cru,1082.5,France,4.6
Saint-Émilion Grand Cru,260.44,France,4.4
Mágico,480.0,Espagne,4.8
Montefico Barbaresco Vecchie Viti,790.0,Italie,4.4
Hérédita Châteauneuf-du-Pape,54.95,France,4.5
Linticlarus Lagrein Riserva,40.95,Italie,4.2
Clos de la Roche Grand Cru Cuvée Vieilles Vignes,1046.25,France,4.4
Historical XIXth Century Wine,249.0,France,4.4
Palo Cortado Añada,312.5,Espagne,4.6
Ginés Liébana Pedro Ximénez,450.36,Espagne,4.6
Corton-Charlemagne Grand Cru,215.0,France,4.4
Toscana Rosso,597.5,Italie,4.5
Annunziata Barolo Riserva,420.0,Italie,4.4
Bâtard-Montrachet Grand Cru,345.0,France,4.4
Bâtard-Montrachet Grand Cru,1558.75,France,4.5
Kalkofen G.C,155.8,Allemagne,4.4
Denarius Graves,795.0,France,4.5
Cuvée Impériale Châteauneuf-du-Pape,122.8,France,4.3
50 Old Vines Vecchie Vigne Negroamaro,28.45,Italie,4.4
Corton-Charlemagne Grand Cru,470.0,France,4.4
Bienvenues-Bâtard-Montrachet Grand Cru,832.5,France,4.6
LR,265.0,Italie,4.5
Preta Cuvée David Booth Grande Reserva,76.15,Portugal,4.3
Tinto,105.0,Espagne,4.4
Réservé Châteauneuf-du-Pape,512.5,France,4.4
Vigna del Suolo Brunello di Montalcino,331.25,Italie,4.5
Vosne-Romanée 'Les Quartiers de Nuits',93.4,France,4.3
Fort Ross Seaview Home Field Pinot Noir,125.95,États-Unis,4.4
Rocche dell'Annunziata Barolo,289.0,Italie,4.5
Adrianna Vineyard Fortuna Terrae Malbec,91.95,Argentine,4.5
Baffonero Maremma Toscana,420.0,Italie,4.5
Vite Talin Barolo,961.25,Italie,4.5
Musigny Grand Cru (Cuveé Vieilles Vignes),2028.75,France,4.6
Vinhas Velhas Tinto,29.95,Portugal,4.5
Kapnios Aglianico,109.8,Italie,4.5
Douro Quinta da Manoella VV Tinto,94.95,Portugal,4.3
Bâtard-Montrachet Grand Cru,695.0,France,4.5
Bâtard-Montrachet Grand Cru,1173.75,France,4.5
Gorgona Rosso,321.25,Italie,4.5
Attunga 1865 Shiraz,225.0,Australie,4.4
Charmes-Chambertin Grand Cru,747.5,France,4.4
RWT Bin 798 Shiraz,179.5,Australie,4.4
Sauternes,13.95,France,4.3
Novicium Estate,235.0,États-Unis,4.4
Barolo Enrico VI,95.0,Italie,4.4
Barolo Arione,427.5,Italie,4.6
Grenache,125.0,États-Unis,4.5
Barolo Arione,1173.75,Italie,4.6
Barolo Arione,832.5,Italie,4.6
Clos de Bèze Grand Cru,4056.25,France,4.5
Clos de la Roche Grand Cru,811.25,France,4.4
Bonnes-Mares Grand Cru,1387.5,France,4.5
Richebourg Grand Cru,1173.75,France,4.5
Cristal Rosé Vinothèque,1600.0,France,4.8
Rosso,249.0,Italie,4.5
Charmes-Chambertin Grand Cru,199.95,France,4.4
Chassagne-Montrachet Premier Cru Morgeot Marquis de Laguiche ,735.0,France,4.5
Bienvenues-Bâtard-Montrachet Grand Cru,295.0,France,4.5
Les Ouvrées Rodin Chambertin-Clos de Bèze Grand Cru,995.0,France,4.5
Cabochon Doppio Zero,124.8,Italie,4.5
Cabernet Sauvignon,36.3,Italie,4.4
Puligny-Montrachet 1er Cru 'La Garenne',196.3,France,4.4
Cuvée Impériale Châteauneuf-du-Pape,54.4,France,4.3
Lux Vitis,533.75,Italie,4.5
Volnay 1er Cru Les Caillerets,158.5,France,4.3
Librante Primitivo di Manduria,34.0,Italie,4.4
'Giulio Ferrari' Riserva del Fondatore Rosé,397.5,Italie,4.5
P2 Plénitude Brut Champagne,465.0,France,4.7
Corton-Charlemagne Grand Cru,136.08,France,4.4
Glesie Climat,75.0,Italie,4.6
Barolo Arione,387.5,Italie,4.6
Saint-Émilion Grand Cru,145.84,France,4.4
Clos Vougeot Grand Cru,227.55,France,4.4
Chambolle-Musigny,1173.75,France,4.3
Cannubi Barolo,353.75,Italie,4.5
Cos d'Estournel,295.0,France,4.4
Tignanello,199.0,Italie,4.5
Sassicaia,450.8,Italie,4.6
ARTEMIS Cabernet Sauvignon,89.95,États-Unis,4.4
Pessac-Léognan (Premier Grand Cru Classé),722.66,France,4.6
Châteauneuf-du-Pape,109.95,France,4.4
Clio,54.95,Espagne,4.5
Bolgheri Superiore,295.0,Italie,4.6
Le Serre Nuove,55.95,Italie,4.3
Hommage à Jacques Perrin Châteauneuf-du-Pape,320.0,France,4.5
Grand Vin de Château Palmer (Grand Cru Classé),425.0,France,4.5
Saint-Julien (Grand Cru Classé),318.73,France,4.4
Pomerol,363.11,France,4.4
Sauternes (Premier Grand Cru Classé),137.95,France,4.4
La Nieta,229.95,Espagne,4.6
Malbec Argentino,89.95,Argentine,4.4
Saint-Émilion Grand Cru (Premier Grand Cru Classé),1628.5,France,4.6
Corton-Charlemagne Grand Cru,225.0,France,4.4
Almaviva,160.0,Chili,4.6
Malleolus,35.95,Espagne,4.3
Tinto,42.95,Espagne,4.4
Poggio Alle Nane Maremma Toscana,118.75,Italie,4.4
Carabantes Syrah,27.98,Chili,4.2
Quarz Sauvignon,106.25,Italie,4.4
La Piu Belle,79.95,Chili,4.6
Petrucci Melo,331.25,Italie,4.5
Pavillon Rouge du Château Margaux,435.4,France,4.4
Cinque Autoctoni Collection Limited Release,23.9,Italie,4.4
Kurni Marche,212.5,Italie,4.6
Corton-Charlemagne Grand Cru,295.0,France,4.4
Côtes de Bourg,89.3,France,4.4
Saint-Émilion Grand Cru (Grand Cru Classé),134.62,France,4.4
Boghis Climat,71.05,Italie,4.5
Pessac-Léognan (Grand Cru Classé de Graves),525.0,France,4.5
Bonnes Mares Grand Cru,811.25,France,4.5
Castello della Sala Cervaro della Sala,92.25,Italie,4.4
Amarone della Valpolicella,32.5,Italie,4.3
5 Stelle Sfursat,69.95,Italie,4.5
Châteauneuf-du-Pape,44.65,France,4.2
Terrasse à l'Ombre Côtes du Rhône,34.95,France,4.5
Pomerol,280.1,France,4.5
Chambertin Grand Cru,3416.25,France,4.4
Les Noisetiers,94.0,États-Unis,4.4
Oh Carlos Manuel! Tinto,48.5,Portugal,4.5
Nebukadnesar,32.1,Afrique du Sud,4.4
Saint-Émilion Grand Cru (Premier Grand Cru Classé),445.0,France,4.5
Cream Tradición Vos 20 Years,90.0,Espagne,4.4
Palo Cortado Tradición Vors 30 Years Sherry,99.95,Espagne,4.4
Pedro Ximenez Tradición 20 Years Old Vos,132.9,Espagne,4.5
Flor de Pingus,117.77,Espagne,4.5
Douro Pintas Tinto,198.8,Portugal,4.5
Douro Pintas Tinto,105.95,Portugal,4.5
Charmes-Chambertin Grand Cru Les Mazoyères,597.5,France,4.4
Chambertin Clos de Bèze Grand Cru,1025.0,France,4.4
Ipsus Chianti Classico Gran Selezione,487.5,Italie,4.4
Les Beaux Monts Vosne-Romanée 1er Cru,139.0,France,4.4
Scharzhofberger Riesling Kabinett,172.95,Allemagne,4.4
Fossati Barolo,290.0,Italie,4.5
Chambertin-Clos-de-Beze Grand Cru,2348.75,France,4.5
Cannubi Barolo,243.75,Italie,4.4
Beaune 1er Cru 'Clos des Mouches' Blanc,176.5,France,4.4
Pomerol,6834.1,France,4.7
Lagrein Riserva Porphyr,60.0,Italie,4.4
Negru de Purcari Limited Edition,33.17,Moldavie,4.5
Barbaresco Albesani,630.0,Italie,4.5
Charmes-Chambertin Grand Cru,318.5,France,4.5
Chapelle d'Ausone Saint-Émilion Grand Cru,186.17,France,4.4
Les Grandes Places Côte-Rôtie,220.9,France,4.4
Riesling 'Le Gallais' Wiltinger Braune Kupp Auslese,285.4,Allemagne,4.5
Saint-Émilion Grand Cru,107.41,France,4.4
Nuits-Saint-Georges 1er Cru 'Aux Murgers',93.0,France,4.5
Saint-Emilion Grand Cru (Premier Grand Cru Classé),221.53,France,4.4
Giunonico Riserva Primitivo di Manduria,36.3,Italie,4.4
Lithology Cabernet Sauvignon,154.6,États-Unis,4.6
Pauillac (Premier Grand Cru Classé),1701.25,France,4.6
Meursault 1er Cru 'Charmes',232.5,France,4.3
Pauillac (Premier Grand Cru Classé),1150.0,France,4.6
Palazzi Rosso Toscana,376.25,Italie,4.4
Saint-Émilion Grand Cru,145.84,France,4.4
Aszú 6 Puttonyos Tokaj,105.0,Hongrie,4.6
Los Jabalíes Single Vineyard Malbec,84.7,Argentine,4.4
Chambolle-Musigny 1er Cru 'Les Amoureuses',1173.75,France,4.5
Cristal Vinothèque,4697.5,France,4.7
Étoile Rosé,109.95,France,4.5
Red Blend,225.0,États-Unis,4.5
Ampio,331.25,Italie,4.6
Grande Cuvée,245.0,France,4.6
Brut Rosé Champagne,81.5,France,4.4
Overture,180.0,États-Unis,4.5
Limited Edition 10 Vendemmie,34.2,Italie,4.5
Old Vines Malbec,61.4,Argentine,4.2
Étoile Rosé,80.0,France,4.5
Scharzhofberger Riesling Spätlese,235.0,Allemagne,4.4
Bonnes-Mares Grand Cru,1495.0,France,4.5
Chateauneuf-Du-Pape Cuvée Des Générations Marie Leoncie,71.95,France,4.4
Rioja Blanco Reserva,107.65,Espagne,4.4
Chambertin Grand Cru,896.25,France,4.5
Vosne-Romanée 1er Cru 'Les Suchots',2092.5,France,4.4
Puligny-Montrachet Enseignères,661.25,France,4.3
Guerriero della Terra,25.95,Italie,4.4
Côte à Côte Estate,129.95,États-Unis,4.4
Les Riceys Cuvée Cyriès Brut Millesimé Champagne,50.0,France,4.6
Poggio Alle Nane Maremma Toscana,89.95,Italie,4.4
Interpretación,50.19,Espagne,4.4
Bienvenues-Bâtard-Montrachet Grand Cru,896.25,France,4.6
Dieci Brunello di Montalcino,146.55,Italie,4.6
Hohenmorgen G.C,148.1,Allemagne,4.4
Mongovone Barbera d'Asti Superiore,32.95,Italie,4.3
Boghis Climat,66.0,Italie,4.5
Clos de la Roche Grand Cru Cuvée Vieilles Vignes,1387.5,France,4.4
Fleur de Miraval Exclusivement Rosé Champagne,395.0,France,4.4
Helichrysum Brunello di Montalcino,84.5,Italie,4.4
Vigneto Bellavista Chianti Classico,397.5,Italie,4.4
Nebro Ribera del Duero,168.95,Espagne,4.4
Meursault 1er Cru 'Genevrières' Blanc,120.0,France,4.5
Pinotage,42.45,Afrique du Sud,4.4
Mazis-Chambertin Grand Cru,334.25,France,4.4
Belles Soeurs Cuvée Pinot Noir,145.95,États-Unis,4.4
Montrachet Grand Cru,2541.25,France,4.6
Petracs Furmint,89.95,Hongrie,4.4
Chambolle-Musigny Les Cabottes,1238.75,France,4.4
Les Boudots Nuits-Saint-Georges 1er Cru,139.0,France,4.4
Les Sentiers Chambolle-Musigny 1er Cru,533.75,France,4.4
Bienvenues-Bâtard-Montrachet Grand Cru,295.0,France,4.5
Bâtard-Montrachet Grand Cru,375.0,France,4.4
Chassagne-Montrachet 1er Cru 'Morgeot',82.95,France,4.4
Chambolle-Musigny Premier Cru 'Les Feusselottes',1537.5,France,4.4
Corton-Charlemagne Grand Cru,170.65,France,4.4
Schlehdorn Riesling Trocken,122.05,Allemagne,4.4
Kalós Cru Gran Reserva Malbec,34.85,Argentine,4.5
Tinto,104.95,Espagne,4.4
80 Vecchie Vigne Primitivo di Manduria Old Vines,31.95,Italie,4.4
Carmin,29.45,France,4.4
Red Blend,99.98,Chili,4.5
Saperavi,29.29,Moldavie,4.4
Arché,79.95,Portugal,4.4
Todeschini Distique Saint-Émilion Grand Cru,34.41,France,4.4
Museum Collection White,68.0,Grèce,4.4
Book 17 XVII,275.5,Afrique du Sud,4.7
Ligne de Crete Les Grandes Vignes Hermitage,530.05,France,4.7
Alabaster,295.0,Espagne,4.6
Scharzhofberger Riesling Kabinett,189.95,Allemagne,4.4
Bâtard-Montrachet Grand Cru,534.0,France,4.4
Bonnes Mares Grand Cru,832.5,France,4.4
Les Bessards Hermitage,184.95,France,4.4
Peña Lobera,85.87,Espagne,4.4
Nuits-Saint-Georges 1er Cru 'Aux Thorey',1046.25,France,4.4
Chassagne-Montrachet Premier Cru 'Morgeot' Blanc,618.75,France,4.4
Coteau de Vernon Condrieu,159.95,France,4.5
Les Ouvrées Rodin Chambertin-Clos de Bèze Grand Cru,1495.0,France,4.5
Vieilles Vignes Mazis-Chambertin Grand Cru,1686.25,France,4.5
Charmes-Chambertin Grand Cru,1173.75,France,4.4
Chambertin-Clos-de-Beze Grand Cru,2028.75,France,4.5
Chambertin Clos de Bèze Grand Cru,896.25,France,4.4
Musigny Grand Cru,2668.75,France,4.6
Brunello di Montalcino Riserva,100.3,Italie,4.4
Gardarèm,39.95,France,4.4
Vieilles Vignes Meursault,49.9,France,4.2
Puligny-Montrachet 1er Cru 'Les Champs Gains',137.5,France,4.4
Scharzhofberger Riesling Spätlese,265.0,Allemagne,4.4
Kalkofen G.C,162.3,Allemagne,4.4
Guerriero del Mare,27.95,Italie,4.4
Cuvée N Viñas Viejas,75.4,Espagne,4.5
Bienvenues-Bâtard-Montrachet Grand Cru,412.5,France,4.5
Hohenmorgen G.C,122.95,Allemagne,4.4
Vieilles Vignes La Parcelle 8 Apalta,139.95,Chili,4.4
Gevrey Chambertin 1er Cru 'Aux Combottes',450.0,France,4.4
Primitivo di Manduria,18.75,Italie,4.2
Vinha Centenaria Branco,87.95,Portugal,4.4
Château de Cîteaux Meursault 1er Cru 'Charmes' Blanc,110.05,France,4.4
Pessac-Léognan Blanc (Grand Cru Classé de Graves),925.77,France,4.5
Ben Ryé Passito di Pantelleria,68.5,Italie,4.5
Tourmaline Pomerol,163.19,France,4.5
Chambolle-Musigny Premier Cru Les Charmes,308.8,France,4.4
Les Blanchiens Brut Nature Champagne Premier Cru,180.9,France,4.4
Les Beaux Monts Vosne-Romanée 1er Cru,243.75,France,4.4
Charmes-Chambertin Grand Cru,229.9,France,4.4
Rocche dell'Annunziata Barolo,319.0,Italie,4.5
Grande Cuvée Luigi Moio,119.0,Italie,4.6
Os Paulistas Chão dos Eremitas Vinhas Velhas,63.95,Portugal,4.4
Marmar,109.95,Allemagne,4.5
Champ Cain Extra Brut Champagne Grand Cru 'Avize',450.0,France,4.4
Yarden Katzrin,37.05,Israël,4.5
Grande Cuvée Luigi Moio,119.95,Italie,4.6
Chambolle-Musigny 1er Cru 'Les Amoureuses',1430.0,France,4.5
Tinto,64.95,Espagne,4.4
Mas Via Gran Reserva Brut,69.3,Espagne,4.5
Corton-Charlemagne Grand Cru,220.05,France,4.4
Tinto,114.95,Espagne,4.4
Charmes-Chambertin Grand Cru,242.0,France,4.4
Castello della Sala Cervaro della Sala,88.0,Italie,4.4
Chablis Grand Cru 'Valmur',2943.75,France,4.5
Giallo d'Arles Greco di Tufo,47.85,Italie,4.3
Tinto,84.95,Espagne,4.5
Grange,1061.8,Australie,4.7
Ligne de Crete Les Grandes Vignes Hermitage,199.5,France,4.7
Beyond the Clouds,76.0,Italie,4.4
Castellberg Pinot Noir,70.0,Allemagne,4.4
Le Petit Cheval Bordeaux Blanc,132.36,France,4.4
Corton-Charlemagne Grand Cru,129.65,France,4.6
Belondrade y Lurton,49.75,Espagne,4.4
802.A Superblend,720.0,Australie,4.5
Cabernet Sauvignon Coeur De Vallée,295.0,États-Unis,4.6
Bual Madeira,325.0,Portugal,4.4
Gorgona Rosso,287.5,Italie,4.5
6 Anime Puglia Rosso,27.3,Italie,4.3
Clos Le Léon Dizy Champagne,159.0,France,4.5
Luminaria Primitivo di Manduria,24.95,Italie,4.4
Rosso,287.5,Italie,4.5
The Black Lion,275.5,Afrique du Sud,4.7
Chassagne-Montrachet 1er Cru 'Morgeot',99.0,France,4.4
Glesie Climat,71.0,Italie,4.6
Corton-Charlemagne Grand Cru,174.51,France,4.6
Vinha dos Utras,296.95,Portugal,4.5
Trittenheimer Apotheke,39.95,Allemagne,4.5
Chardonnay,245.0,Australie,4.4
Charlemagne Grand Cru,470.0,France,4.5
Mossone,59.5,Italie,4.4
Duna Mirante Primitivo di Manduria,58.5,Italie,4.5
Παλιές Ρίζες (Palies Rizes),180.0,Grèce,4.4
Graal Amarone della Valpolicella Valpantena,62.5,Italie,4.4
EABA,243.0,États-Unis,4.6
Crescendo,29.95,Afrique du Sud,4.3
Single Barrel Champagne Grand Cru 'Le Mesnil-sur-Oger',411.4,France,4.6
Bonnes Mares Grand Cru,896.25,France,4.4
Chablis Grand Cru 'Les Clos',72.7,France,4.4
Todeschini Distique Saint-Émilion Grand Cru,77.48,France,4.4
Grande Cuvée Luigi Moio,119.0,Italie,4.6
Vieilles Vignes Châteauneuf-du-Pape Blanc,229.0,France,4.4
La Landonne Côte-Rôtie,366.8,France,4.5
Chemin du Bois Champagne,275.0,France,4.4
Delicado Cosecha Pedro Ximénez,42.5,Espagne,4.4
Barbaresco,335.0,Italie,4.5
Batard-Montrachet Grand Cru,1149.5,France,4.8
Gallina Barbaresco,397.5,Italie,4.4
Tinto,59.9,Espagne,4.5
El Escolladero,65.17,Espagne,4.4
Charity Edition Nebbiolo d'Alba Arione,287.5,Italie,4.5
NŌ Rosso,42.95,Italie,4.5
Chambolle-Musigny 1er Cru 'Les Amoureuses',1537.5,France,4.5
Academia Purcari Rară Neagră,58.22,Moldavie,4.5
Meursault 1er Cru 'Perrières',120.0,France,4.4
Moss Blanc Verdicchio dei Castelli di Jesi Classico Superiore,89.5,Italie,4.6
Triglia Negroamaro Rosato,22.95,Italie,4.4
Bentrock Vineyard Chardonnay,103.0,États-Unis,4.5
Alpine Hillside Pinot Noir,133.1,États-Unis,4.5
Reserve Chardonnay,50.45,Afrique du Sud,4.5
Freienfeld Cabernet Sauvignon Riserva,156.25,Italie,4.4
Puligny-Montrachet Premier Cru ' Clos de la Truffière',705.0,France,4.4
Chloe Chardonnay,109.95,États-Unis,4.5
Rioja Blanco Reserva,39.91,Espagne,4.4
Vosne-Romanée 1er Cru Aux Malconsorts Christiane,790.0,France,4.5
The Journeyman,169.95,Afrique du Sud,4.6
Finn Pinot Noir,136.95,États-Unis,4.5
Grande Cuvée I Terlaner,376.25,Italie,4.5
Hyde Vineyard Chardonnay,115.95,États-Unis,4.4
Sous L'Escalier Petite Arvine du Valais,51.95,Suisse,4.4
Clos Saint Denis Grand Cru,300.8,France,4.4
Paralupi Appassimento,13.88,Italie,4.4
Estate Reserve Viognier,50.45,Afrique du Sud,4.4
Touran,109.95,Espagne,4.6
La Serra Barolo,338.0,Italie,4.4
Champ Cain Extra Brut Champagne Grand Cru 'Avize',290.0,France,4.4
Rocche di Castiglione Barolo,397.5,Italie,4.5
Clos Vougeot Grand Cru,260.05,France,4.4
Elevage Branco,98.95,Portugal,4.5
Pandorga,39.6,Espagne,4.4
Vin de Paille,59.9,France,4.5
VT Vendemmia Tardiva,74.0,Italie,4.4
Castellberg Pinot Noir,73.0,Allemagne,4.4
Semel Pater,68.0,Italie,4.4
Collection Fût de Chêne Brut Champagne Grand Cru 'Ay',895.4,France,4.5
Trebbiano d'Abruzzo,13.333333333333334,Italie,4.4
