taste,keyword_count,wine,ratingAVG,ratingCOUNT
coffee,15,Brunello di Montalcino Riserva,4.6,3375
coffee,15,Brunello di Montalcino Riserva,4.6,3375
coffee,49,Pomerol,4.7,32157
coffee,49,Pomerol,4.7,32157
cream,18,Pomerol,4.7,32157
citrus,240,Le Mesnil Blanc de Blancs (Cuvée S) Brut Champagne,4.7,9564
toast,100,Le Mesnil Blanc de Blancs (Cuvée S) Brut Champagne,4.7,9564
coffee,12,Le Mesnil Blanc de Blancs (Cuvée S) Brut Champagne,4.7,9564
coffee,12,Le Mesnil Blanc de Blancs (Cuvée S) Brut Champagne,4.7,9564
cream,118,Le Mesnil Blanc de Blancs (Cuvée S) Brut Champagne,4.7,9564
toast,100,Le Mesnil Blanc de Blancs (Cuvée S) Brut Champagne,4.7,9564
green apple,76,Le Mesnil Blanc de Blancs (Cuvée S) Brut Champagne,4.7,9564
coffee,67,Pauillac (Premier Grand Cru Classé),4.6,39283
toast,17,Pauillac (Premier Grand Cru Classé),4.6,39283
coffee,67,Pauillac (Premier Grand Cru Classé),4.6,39283
cream,27,Pauillac (Premier Grand Cru Classé),4.6,39283
toast,17,Pauillac (Premier Grand Cru Classé),4.6,39283
coffee,108,Grand Vin Pauillac (Premier Grand Cru Classé),4.6,38521
toast,23,Grand Vin Pauillac (Premier Grand Cru Classé),4.6,38521
coffee,108,Grand Vin Pauillac (Premier Grand Cru Classé),4.6,38521
cream,29,Grand Vin Pauillac (Premier Grand Cru Classé),4.6,38521
toast,23,Grand Vin Pauillac (Premier Grand Cru Classé),4.6,38521
coffee,43,Toscana,4.7,16284
coffee,43,Toscana,4.7,16284
cream,16,Toscana,4.7,16284
green apple,13,Sauternes,4.7,44126
coffee,26,Sauternes,4.7,44126
toast,49,Sauternes,4.7,44126
coffee,26,Sauternes,4.7,44126
citrus,201,Sauternes,4.7,44126
cream,215,Sauternes,4.7,44126
toast,49,Sauternes,4.7,44126
coffee,47,Amarone della Valpolicella Classico,4.7,8900
coffee,47,Amarone della Valpolicella Classico,4.7,8900
toast,33,Clos du Mesnil,4.7,2471
citrus,62,Clos du Mesnil,4.7,2471
cream,16,Clos du Mesnil,4.7,2471
toast,33,Clos du Mesnil,4.7,2471
green apple,19,Clos du Mesnil,4.7,2471
coffee,13,Barolo Cascina Francia,4.5,6045
coffee,13,Barolo Cascina Francia,4.5,6045
coffee,15,Veneto Alzero Cabernet,4.7,2600
coffee,15,Veneto Alzero Cabernet,4.7,2600
coffee,18,Cerretalto Brunello di Montalcino,4.7,5373
coffee,18,Cerretalto Brunello di Montalcino,4.7,5373
cream,27,Montrachet Grand Cru Marquis de Laguiche,4.6,1970
citrus,41,Montrachet Grand Cru Marquis de Laguiche,4.6,1970
coffee,27,Harlan Estate Red,4.7,7231
coffee,27,Harlan Estate Red,4.7,7231
cream,20,Harlan Estate Red,4.7,7231
coffee,32,Amarone della Valpolicella Monte Lodoletta,4.7,7947
coffee,32,Amarone della Valpolicella Monte Lodoletta,4.7,7947
coffee,13,Viña El Pison,4.6,3027
coffee,13,Viña El Pison,4.6,3027
cream,12,Viña El Pison,4.6,3027
coffee,13,Clos de Tart Grand Cru Monopole,4.5,4948
coffee,13,Clos de Tart Grand Cru Monopole,4.5,4948
coffee,33,Saint-Émilion Grand Cru (Premier Grand Cru Classé),4.6,6637
coffee,33,Saint-Émilion Grand Cru (Premier Grand Cru Classé),4.6,6637
coffee,179,Sassicaia,4.6,107646
toast,47,Sassicaia,4.6,107646
coffee,179,Sassicaia,4.6,107646
cream,75,Sassicaia,4.6,107646
toast,47,Sassicaia,4.6,107646
citrus,16,Sassicaia,4.6,107646
coffee,149,Opus One,4.6,77053
toast,55,Opus One,4.6,77053
coffee,149,Opus One,4.6,77053
cream,119,Opus One,4.6,77053
toast,55,Opus One,4.6,77053
toast,464,Cristal Brut Champagne (Millésimé),4.6,42456
coffee,26,Cristal Brut Champagne (Millésimé),4.6,42456
green apple,298,Cristal Brut Champagne (Millésimé),4.6,42456
citrus,954,Cristal Brut Champagne (Millésimé),4.6,42456
coffee,26,Cristal Brut Champagne (Millésimé),4.6,42456
cream,496,Cristal Brut Champagne (Millésimé),4.6,42456
toast,464,Cristal Brut Champagne (Millésimé),4.6,42456
coffee,122,Valbuena 5º,4.6,72784
toast,69,Valbuena 5º,4.6,72784
coffee,122,Valbuena 5º,4.6,72784
cream,60,Valbuena 5º,4.6,72784
toast,69,Valbuena 5º,4.6,72784
coffee,201,Pauillac (Grand Cru Classé),4.4,47234
toast,49,Pauillac (Grand Cru Classé),4.4,47234
coffee,201,Pauillac (Grand Cru Classé),4.4,47234
cream,58,Pauillac (Grand Cru Classé),4.4,47234
toast,49,Pauillac (Grand Cru Classé),4.4,47234
citrus,12,Pauillac (Grand Cru Classé),4.4,47234
coffee,318,Pauillac (Premier Grand Cru Classé),4.6,73615
toast,73,Pauillac (Premier Grand Cru Classé),4.6,73615
coffee,318,Pauillac (Premier Grand Cru Classé),4.6,73615
cream,78,Pauillac (Premier Grand Cru Classé),4.6,73615
toast,73,Pauillac (Premier Grand Cru Classé),4.6,73615
citrus,11,Pauillac (Premier Grand Cru Classé),4.6,73615
coffee,100,Tenuta Tignanello 'Solaia',4.6,33143
toast,19,Tenuta Tignanello 'Solaia',4.6,33143
coffee,100,Tenuta Tignanello 'Solaia',4.6,33143
cream,33,Tenuta Tignanello 'Solaia',4.6,33143
toast,19,Tenuta Tignanello 'Solaia',4.6,33143
coffee,125,Bolgheri Superiore,4.6,47939
toast,40,Bolgheri Superiore,4.6,47939
coffee,125,Bolgheri Superiore,4.6,47939
cream,64,Bolgheri Superiore,4.6,47939
toast,40,Bolgheri Superiore,4.6,47939
coffee,81,Special Selection Cabernet Sauvignon,4.7,41236
toast,25,Special Selection Cabernet Sauvignon,4.7,41236
coffee,81,Special Selection Cabernet Sauvignon,4.7,41236
cream,82,Special Selection Cabernet Sauvignon,4.7,41236
toast,25,Special Selection Cabernet Sauvignon,4.7,41236
coffee,103,Château Margaux (Premier Grand Cru Classé),4.6,45350
toast,38,Château Margaux (Premier Grand Cru Classé),4.6,45350
coffee,103,Château Margaux (Premier Grand Cru Classé),4.6,45350
cream,37,Château Margaux (Premier Grand Cru Classé),4.6,45350
toast,38,Château Margaux (Premier Grand Cru Classé),4.6,45350
coffee,15,Rutherford,4.6,16322
coffee,15,Rutherford,4.6,16322
cream,20,Rutherford,4.6,16322
coffee,97,Insignia,4.6,30674
toast,29,Insignia,4.6,30674
coffee,97,Insignia,4.6,30674
cream,51,Insignia,4.6,30674
toast,29,Insignia,4.6,30674
toast,356,Vintage,4.6,16918
coffee,56,Vintage,4.6,16918
coffee,56,Vintage,4.6,16918
cream,240,Vintage,4.6,16918
toast,356,Vintage,4.6,16918
green apple,96,Vintage,4.6,16918
citrus,406,Vintage,4.6,16918
coffee,29,Don PX Convento Selección,4.7,1224
coffee,29,Don PX Convento Selección,4.7,1224
coffee,13,Recioto della Valpolicella Classico,4.7,1045
coffee,13,Recioto della Valpolicella Classico,4.7,1045
coffee,129,Pessac-Léognan (Premier Grand Cru Classé),4.6,39605
toast,38,Pessac-Léognan (Premier Grand Cru Classé),4.6,39605
coffee,129,Pessac-Léognan (Premier Grand Cru Classé),4.6,39605
cream,38,Pessac-Léognan (Premier Grand Cru Classé),4.6,39605
toast,38,Pessac-Léognan (Premier Grand Cru Classé),4.6,39605
toast,161,P2 Plénitude Brut Champagne,4.7,7543
coffee,14,P2 Plénitude Brut Champagne,4.7,7543
coffee,14,P2 Plénitude Brut Champagne,4.7,7543
cream,135,P2 Plénitude Brut Champagne,4.7,7543
toast,161,P2 Plénitude Brut Champagne,4.7,7543
green apple,30,P2 Plénitude Brut Champagne,4.7,7543
citrus,141,P2 Plénitude Brut Champagne,4.7,7543
coffee,117,Unico,4.7,45140
toast,38,Unico,4.7,45140
coffee,117,Unico,4.7,45140
cream,53,Unico,4.7,45140
toast,38,Unico,4.7,45140
citrus,11,Unico,4.7,45140
coffee,67,Barbaresco,4.5,24516
coffee,67,Barbaresco,4.5,24516
coffee,129,Grange,4.7,24356
toast,33,Grange,4.7,24356
coffee,129,Grange,4.7,24356
cream,44,Grange,4.7,24356
toast,33,Grange,4.7,24356
toast,51,Cristal Rosé Brut Champagne (Millésimé),4.6,5883
citrus,74,Cristal Rosé Brut Champagne (Millésimé),4.6,5883
green apple,15,Cristal Rosé Brut Champagne (Millésimé),4.6,5883
cream,48,Cristal Rosé Brut Champagne (Millésimé),4.6,5883
toast,51,Cristal Rosé Brut Champagne (Millésimé),4.6,5883
coffee,101,Saint-Émilion Grand Cru (Premier Grand Cru Classé),4.6,28198
coffee,101,Saint-Émilion Grand Cru (Premier Grand Cru Classé),4.6,28198
cream,36,Saint-Émilion Grand Cru (Premier Grand Cru Classé),4.6,28198
coffee,36,Continuum Estate,4.6,6949
toast,11,Continuum Estate,4.6,6949
coffee,36,Continuum Estate,4.6,6949
cream,11,Continuum Estate,4.6,6949
toast,11,Continuum Estate,4.6,6949
citrus,13,Montrachet Grand Cru,4.7,459
coffee,76,Dominus (Christian Moueix),4.5,22117
toast,25,Dominus (Christian Moueix),4.5,22117
coffee,76,Dominus (Christian Moueix),4.5,22117
cream,58,Dominus (Christian Moueix),4.5,22117
toast,25,Dominus (Christian Moueix),4.5,22117
coffee,24,Pingus,4.6,6013
coffee,24,Pingus,4.6,6013
coffee,111,Grand Vin de Château Palmer (Grand Cru Classé),4.5,29026
toast,35,Grand Vin de Château Palmer (Grand Cru Classé),4.5,29026
coffee,111,Grand Vin de Château Palmer (Grand Cru Classé),4.5,29026
cream,38,Grand Vin de Château Palmer (Grand Cru Classé),4.5,29026
toast,35,Grand Vin de Château Palmer (Grand Cru Classé),4.5,29026
coffee,40,Messorio,4.5,5514
coffee,40,Messorio,4.5,5514
coffee,20,Brunello di Montalcino Riserva Madonna del Piano,4.5,3506
coffee,20,Brunello di Montalcino Riserva Madonna del Piano,4.5,3506
coffee,67,Saint-Émilion Grand Cru (Premier Grand Cru Classé),4.5,15671
toast,24,Saint-Émilion Grand Cru (Premier Grand Cru Classé),4.5,15671
coffee,67,Saint-Émilion Grand Cru (Premier Grand Cru Classé),4.5,15671
cream,19,Saint-Émilion Grand Cru (Premier Grand Cru Classé),4.5,15671
toast,24,Saint-Émilion Grand Cru (Premier Grand Cru Classé),4.5,15671
toast,15,La Grande Dame Brut Rosé Champagne,4.6,1118
cream,13,La Grande Dame Brut Rosé Champagne,4.6,1118
toast,15,La Grande Dame Brut Rosé Champagne,4.6,1118
citrus,11,La Grande Dame Brut Rosé Champagne,4.6,1118
toast,28,Collection,4.7,2184
cream,36,Collection,4.7,2184
toast,28,Collection,4.7,2184
citrus,38,Collection,4.7,2184
coffee,12,Sorì San Lorenzo,4.6,3857
coffee,12,Sorì San Lorenzo,4.6,3857
coffee,17,Les Pavots,4.6,4010
coffee,17,Les Pavots,4.6,4010
cream,13,Les Pavots,4.6,4010
coffee,14,Costa Russi (Barbaresco) Langhe,4.6,2876
coffee,14,Costa Russi (Barbaresco) Langhe,4.6,2876
coffee,43,Pessac-Léognan (Grand Cru Classé de Graves),4.5,15975
toast,14,Pessac-Léognan (Grand Cru Classé de Graves),4.5,15975
coffee,43,Pessac-Léognan (Grand Cru Classé de Graves),4.5,15975
cream,20,Pessac-Léognan (Grand Cru Classé de Graves),4.5,15975
toast,14,Pessac-Léognan (Grand Cru Classé de Graves),4.5,15975
citrus,54,Chevalier-Montrachet Grand Cru,4.6,2340
cream,22,Chevalier-Montrachet Grand Cru,4.6,2340
coffee,17,Campo Inferi Amarone della Valpolicella Classico Riserva,4.6,2112
coffee,17,Campo Inferi Amarone della Valpolicella Classico Riserva,4.6,2112
cream,72,'Giulio Ferrari' Riserva del Fondatore,4.6,12592
toast,48,'Giulio Ferrari' Riserva del Fondatore,4.6,12592
toast,48,'Giulio Ferrari' Riserva del Fondatore,4.6,12592
green apple,15,'Giulio Ferrari' Riserva del Fondatore,4.6,12592
citrus,66,'Giulio Ferrari' Riserva del Fondatore,4.6,12592
coffee,13,Sperss Barolo,4.6,10950
coffee,13,Sperss Barolo,4.6,10950
cream,15,Sperss Barolo,4.6,10950
toast,12,Corton-Charlemagne Grand Cru,4.6,719
citrus,18,Corton-Charlemagne Grand Cru,4.6,719
toast,12,Corton-Charlemagne Grand Cru,4.6,719
coffee,16,Cabernet Sauvignon,4.5,3087
coffee,16,Cabernet Sauvignon,4.5,3087
coffee,16,Brunello di Montalcino Riserva,4.6,1589
coffee,16,Brunello di Montalcino Riserva,4.6,1589
coffee,88,Saint-Émilion Grand Cru (Premier Grand Cru Classé),4.6,22896
toast,23,Saint-Émilion Grand Cru (Premier Grand Cru Classé),4.6,22896
coffee,88,Saint-Émilion Grand Cru (Premier Grand Cru Classé),4.6,22896
cream,28,Saint-Émilion Grand Cru (Premier Grand Cru Classé),4.6,22896
toast,23,Saint-Émilion Grand Cru (Premier Grand Cru Classé),4.6,22896
toast,31,Cuvée des Enchanteleurs Brut Champagne,4.5,1732
coffee,14,Cuvée des Enchanteleurs Brut Champagne,4.5,1732
coffee,14,Cuvée des Enchanteleurs Brut Champagne,4.5,1732
cream,37,Cuvée des Enchanteleurs Brut Champagne,4.5,1732
toast,31,Cuvée des Enchanteleurs Brut Champagne,4.5,1732
green apple,11,Cuvée des Enchanteleurs Brut Champagne,4.5,1732
citrus,25,Cuvée des Enchanteleurs Brut Champagne,4.5,1732
coffee,22,L'Apparita,4.4,3836
coffee,22,L'Apparita,4.4,3836
citrus,33,Pessac-Léognan Blanc (Grand Cru Classé de Graves),4.5,1206
cream,13,Pessac-Léognan Blanc (Grand Cru Classé de Graves),4.5,1206
citrus,17,Bienvenues-Bâtard-Montrachet Grand Cru,4.5,480
coffee,37,Côte-Rôtie La Turque,4.6,4891
toast,13,Côte-Rôtie La Turque,4.6,4891
coffee,37,Côte-Rôtie La Turque,4.6,4891
cream,11,Côte-Rôtie La Turque,4.6,4891
toast,13,Côte-Rôtie La Turque,4.6,4891
coffee,39,Amarone della Valpolicella Classico,4.4,18720
coffee,39,Amarone della Valpolicella Classico,4.4,18720
cream,15,Amarone della Valpolicella Classico,4.4,18720
citrus,16,Montrachet Grand Cru,4.7,516
cream,14,Bâtard-Montrachet Grand Cru,4.6,1191
citrus,19,Bâtard-Montrachet Grand Cru,4.6,1191
coffee,25,Côte-Rôtie La Mouline,4.6,4380
coffee,25,Côte-Rôtie La Mouline,4.6,4380
toast,713,Grande Cuvée,4.6,28513
coffee,50,Grande Cuvée,4.6,28513
coffee,50,Grande Cuvée,4.6,28513
cream,439,Grande Cuvée,4.6,28513
toast,713,Grande Cuvée,4.6,28513
citrus,916,Grande Cuvée,4.6,28513
green apple,304,Grande Cuvée,4.6,28513
toast,2165,Brut Champagne,4.6,146377
coffee,145,Brut Champagne,4.6,146377
cream,1564,Brut Champagne,4.6,146377
toast,2165,Brut Champagne,4.6,146377
coffee,145,Brut Champagne,4.6,146377
green apple,893,Brut Champagne,4.6,146377
citrus,2596,Brut Champagne,4.6,146377
coffee,173,Cabernet Sauvignon,4.6,157944
toast,78,Cabernet Sauvignon,4.6,157944
coffee,173,Cabernet Sauvignon,4.6,157944
cream,252,Cabernet Sauvignon,4.6,157944
toast,78,Cabernet Sauvignon,4.6,157944
citrus,11,Cabernet Sauvignon,4.6,157944
coffee,271,Tignanello,4.5,142513
toast,61,Tignanello,4.5,142513
coffee,271,Tignanello,4.5,142513
cream,96,Tignanello,4.5,142513
toast,61,Tignanello,4.5,142513
citrus,15,Tignanello,4.5,142513
toast,163,R.D Extra Brut Champagne (Récemment Dégorgé),4.6,7737
coffee,17,R.D Extra Brut Champagne (Récemment Dégorgé),4.6,7737
coffee,17,R.D Extra Brut Champagne (Récemment Dégorgé),4.6,7737
cream,157,R.D Extra Brut Champagne (Récemment Dégorgé),4.6,7737
toast,163,R.D Extra Brut Champagne (Récemment Dégorgé),4.6,7737
green apple,34,R.D Extra Brut Champagne (Récemment Dégorgé),4.6,7737
citrus,149,R.D Extra Brut Champagne (Récemment Dégorgé),4.6,7737
coffee,69,Saint-Émilion Grand Cru,4.6,5390
coffee,69,Saint-Émilion Grand Cru,4.6,5390
cream,15,Saint-Émilion Grand Cru,4.6,5390
coffee,15,Veneto Rosso del Bepi,4.6,3747
coffee,15,Veneto Rosso del Bepi,4.6,3747
toast,65,Rosé,4.6,3605
cream,56,Rosé,4.6,3605
toast,65,Rosé,4.6,3605
citrus,43,Rosé,4.6,3605
coffee,16,Cirsion Rioja,4.6,3474
coffee,16,Cirsion Rioja,4.6,3474
coffee,123,Almaviva,4.6,48075
toast,30,Almaviva,4.6,48075
coffee,123,Almaviva,4.6,48075
cream,41,Almaviva,4.6,48075
toast,30,Almaviva,4.6,48075
coffee,79,Flor de Pingus,4.5,32932
toast,26,Flor de Pingus,4.5,32932
coffee,79,Flor de Pingus,4.5,32932
cream,25,Flor de Pingus,4.5,32932
toast,26,Flor de Pingus,4.5,32932
coffee,78,Flaccianello della Pieve,4.5,21518
toast,25,Flaccianello della Pieve,4.5,21518
coffee,78,Flaccianello della Pieve,4.5,21518
cream,22,Flaccianello della Pieve,4.5,21518
toast,25,Flaccianello della Pieve,4.5,21518
toast,282,Sir Winston Churchill Brut Champagne,4.6,12873
coffee,13,Sir Winston Churchill Brut Champagne,4.6,12873
coffee,13,Sir Winston Churchill Brut Champagne,4.6,12873
cream,290,Sir Winston Churchill Brut Champagne,4.6,12873
toast,282,Sir Winston Churchill Brut Champagne,4.6,12873
green apple,127,Sir Winston Churchill Brut Champagne,4.6,12873
citrus,408,Sir Winston Churchill Brut Champagne,4.6,12873
coffee,147,Pauillac (Grand Cru Classé),4.4,55808
toast,43,Pauillac (Grand Cru Classé),4.4,55808
coffee,147,Pauillac (Grand Cru Classé),4.4,55808
cream,49,Pauillac (Grand Cru Classé),4.4,55808
toast,43,Pauillac (Grand Cru Classé),4.4,55808
coffee,76,Clos Apalta,4.6,23256
toast,13,Clos Apalta,4.6,23256
coffee,76,Clos Apalta,4.6,23256
cream,36,Clos Apalta,4.6,23256
toast,13,Clos Apalta,4.6,23256
coffee,39,Lupi Rezerva,4.5,7604
coffee,39,Lupi Rezerva,4.5,7604
coffee,41,Cabernet Sauvignon (Signature),4.6,13730
coffee,41,Cabernet Sauvignon (Signature),4.6,13730
cream,17,Cabernet Sauvignon (Signature),4.6,13730
coffee,60,Castillo Ygay Gran Reserva Especial Tinto,4.5,23170
toast,34,Castillo Ygay Gran Reserva Especial Tinto,4.5,23170
coffee,60,Castillo Ygay Gran Reserva Especial Tinto,4.5,23170
cream,71,Castillo Ygay Gran Reserva Especial Tinto,4.5,23170
toast,34,Castillo Ygay Gran Reserva Especial Tinto,4.5,23170
coffee,36,Amarone della Valpolicella Classico Riserva (Sergio Zenato),4.5,9963
coffee,36,Amarone della Valpolicella Classico Riserva (Sergio Zenato),4.5,9963
cream,12,Amarone della Valpolicella Classico Riserva (Sergio Zenato),4.5,9963
coffee,102,Saint-Julien (Grand Cru Classé),4.4,29317
toast,32,Saint-Julien (Grand Cru Classé),4.4,29317
coffee,102,Saint-Julien (Grand Cru Classé),4.4,29317
cream,26,Saint-Julien (Grand Cru Classé),4.4,29317
toast,32,Saint-Julien (Grand Cru Classé),4.4,29317
coffee,14,Finca Altamira Malbec,4.5,8093
coffee,14,Finca Altamira Malbec,4.5,8093
cream,13,Finca Altamira Malbec,4.5,8093
toast,107,Brut Rosé Champagne,4.6,13747
cream,141,Brut Rosé Champagne,4.6,13747
toast,107,Brut Rosé Champagne,4.6,13747
citrus,79,Brut Rosé Champagne,4.6,13747
coffee,36,Pomerol,4.5,12214
coffee,36,Pomerol,4.5,12214
cream,21,Pomerol,4.5,12214
coffee,32,Barolo Riserva,4.3,12663
coffee,32,Barolo Riserva,4.3,12663
coffee,40,Brunello di Montalcino,4.5,27452
coffee,40,Brunello di Montalcino,4.5,27452
cream,11,Brunello di Montalcino,4.5,27452
coffee,24,Redigaffi Toscana,4.5,5212
toast,11,Redigaffi Toscana,4.5,5212
coffee,24,Redigaffi Toscana,4.5,5212
cream,13,Redigaffi Toscana,4.5,5212
toast,11,Redigaffi Toscana,4.5,5212
coffee,12,Hommage à Jacques Perrin Châteauneuf-du-Pape,4.5,6121
coffee,12,Hommage à Jacques Perrin Châteauneuf-du-Pape,4.5,6121
toast,226,Dom Ruinart Blanc de Blancs Brut Champagne,4.5,18466
coffee,22,Dom Ruinart Blanc de Blancs Brut Champagne,4.5,18466
cream,165,Dom Ruinart Blanc de Blancs Brut Champagne,4.5,18466
toast,226,Dom Ruinart Blanc de Blancs Brut Champagne,4.5,18466
coffee,22,Dom Ruinart Blanc de Blancs Brut Champagne,4.5,18466
green apple,86,Dom Ruinart Blanc de Blancs Brut Champagne,4.5,18466
citrus,250,Dom Ruinart Blanc de Blancs Brut Champagne,4.5,18466
toast,95,Amour de Deutz Millésimé Brut Champagne,4.5,5532
cream,92,Amour de Deutz Millésimé Brut Champagne,4.5,5532
toast,95,Amour de Deutz Millésimé Brut Champagne,4.5,5532
citrus,89,Amour de Deutz Millésimé Brut Champagne,4.5,5532
green apple,25,Amour de Deutz Millésimé Brut Champagne,4.5,5532
coffee,45,Pomerol,4.3,11885
toast,23,Pomerol,4.3,11885
coffee,45,Pomerol,4.3,11885
cream,22,Pomerol,4.3,11885
toast,23,Pomerol,4.3,11885
coffee,13,Vürsù Barolo Campè,4.4,6260
coffee,13,Vürsù Barolo Campè,4.4,6260
coffee,107,Saint-Julien (Grand Cru Classé),4.4,28094
toast,29,Saint-Julien (Grand Cru Classé),4.4,28094
coffee,107,Saint-Julien (Grand Cru Classé),4.4,28094
cream,43,Saint-Julien (Grand Cru Classé),4.4,28094
toast,29,Saint-Julien (Grand Cru Classé),4.4,28094
cream,110,Corton-Charlemagne Grand Cru,4.4,5755
toast,43,Corton-Charlemagne Grand Cru,4.4,5755
toast,43,Corton-Charlemagne Grand Cru,4.4,5755
green apple,16,Corton-Charlemagne Grand Cru,4.4,5755
citrus,86,Corton-Charlemagne Grand Cru,4.4,5755
coffee,13,Red,4.6,3639
toast,12,Red,4.6,3639
coffee,13,Red,4.6,3639
toast,12,Red,4.6,3639
coffee,46,Pomerol,4.4,10374
toast,14,Pomerol,4.4,10374
coffee,46,Pomerol,4.4,10374
cream,26,Pomerol,4.4,10374
toast,14,Pomerol,4.4,10374
cream,53,Gaia & Rey Langhe,4.5,5909
toast,17,Gaia & Rey Langhe,4.5,5909
toast,17,Gaia & Rey Langhe,4.5,5909
green apple,20,Gaia & Rey Langhe,4.5,5909
citrus,69,Gaia & Rey Langhe,4.5,5909
coffee,44,Pomerol,4.4,7221
toast,14,Pomerol,4.4,7221
coffee,44,Pomerol,4.4,7221
cream,12,Pomerol,4.4,7221
toast,14,Pomerol,4.4,7221
cream,132,Corton-Charlemagne Grand Cru,4.4,10296
toast,57,Corton-Charlemagne Grand Cru,4.4,10296
citrus,254,Corton-Charlemagne Grand Cru,4.4,10296
green apple,48,Corton-Charlemagne Grand Cru,4.4,10296
toast,57,Corton-Charlemagne Grand Cru,4.4,10296
coffee,30,Georges De Latour Private Reserve Cabernet Sauvignon,4.4,12652
toast,23,Georges De Latour Private Reserve Cabernet Sauvignon,4.4,12652
coffee,30,Georges De Latour Private Reserve Cabernet Sauvignon,4.4,12652
cream,15,Georges De Latour Private Reserve Cabernet Sauvignon,4.4,12652
toast,23,Georges De Latour Private Reserve Cabernet Sauvignon,4.4,12652
coffee,62,Pomerol,4.5,9531
toast,16,Pomerol,4.5,9531
coffee,62,Pomerol,4.5,9531
cream,15,Pomerol,4.5,9531
toast,16,Pomerol,4.5,9531
cream,11,Carruades de Lafite Pauillac,4.4,13866
coffee,14,La Joie,4.6,2285
coffee,14,La Joie,4.6,2285
coffee,27,CASK 23 Cabernet Sauvignon,4.6,9464
coffee,27,CASK 23 Cabernet Sauvignon,4.6,9464
cream,11,CASK 23 Cabernet Sauvignon,4.6,9464
coffee,26,Bibbona,4.5,5981
toast,12,Bibbona,4.5,5981
coffee,26,Bibbona,4.5,5981
toast,12,Bibbona,4.5,5981
coffee,11,Douro Pintas Tinto,4.5,4167
coffee,11,Douro Pintas Tinto,4.5,4167
coffee,22,Howell Mountain Cabernet Sauvignon,4.5,6466
coffee,22,Howell Mountain Cabernet Sauvignon,4.5,6466
coffee,38,S.L.V. Cabernet Sauvignon,4.5,6560
coffee,38,S.L.V. Cabernet Sauvignon,4.5,6560
coffee,13,Boal Madeira,4.5,1023
coffee,13,Boal Madeira,4.5,1023
cream,21,Chassagne-Montrachet Premier Cru Morgeot Marquis de Laguiche ,4.5,1640
green apple,13,Chassagne-Montrachet Premier Cru Morgeot Marquis de Laguiche ,4.5,1640
citrus,27,Chassagne-Montrachet Premier Cru Morgeot Marquis de Laguiche ,4.5,1640
citrus,129,Vin de Constance (Natural Sweet),4.6,13210
coffee,13,Vin de Constance (Natural Sweet),4.6,13210
toast,18,Vin de Constance (Natural Sweet),4.6,13210
coffee,13,Vin de Constance (Natural Sweet),4.6,13210
cream,81,Vin de Constance (Natural Sweet),4.6,13210
toast,18,Vin de Constance (Natural Sweet),4.6,13210
coffee,25,Cabernet Sauvignon,4.6,5927
coffee,25,Cabernet Sauvignon,4.6,5927
cream,11,Cabernet Sauvignon,4.6,5927
coffee,11,Series M,4.4,2995
coffee,11,Series M,4.4,2995
citrus,58,Corton-Charlemagne Grand Cru,4.4,1913
cream,13,Corton-Charlemagne Grand Cru,4.4,1913
toast,16,Corton-Charlemagne Grand Cru,4.4,1913
green apple,14,Corton-Charlemagne Grand Cru,4.4,1913
toast,16,Corton-Charlemagne Grand Cru,4.4,1913
citrus,23,Tokaji Aszú 6 Puttonyos,4.6,2366
coffee,23,Rubicon,4.6,6421
coffee,23,Rubicon,4.6,6421
cream,12,Rubicon,4.6,6421
coffee,25,Series C,4.5,3027
coffee,25,Series C,4.5,3027
green apple,36,Clos Sainte Hune Riesling Alsace,4.5,4106
citrus,99,Clos Sainte Hune Riesling Alsace,4.5,4106
cream,13,Clos Sainte Hune Riesling Alsace,4.5,4106
coffee,14,Toscana Rosso,4.5,2799
coffee,14,Toscana Rosso,4.5,2799
cream,18,Amour de Deutz Millesimé Rosé Brut Champagne,4.5,536
citrus,13,Amour de Deutz Millesimé Rosé Brut Champagne,4.5,536
coffee,20,Unico Reserva Especial Edición,4.7,13025
coffee,20,Unico Reserva Especial Edición,4.7,13025
cream,11,Unico Reserva Especial Edición,4.7,13025
citrus,11,Châteauneuf-du-Pape Réservé Blanc,4.4,668
citrus,14,Scharzhofberger Riesling Auslese,4.6,1666
cream,13,Scharzhofberger Riesling Auslese,4.6,1666
coffee,26,Côte-Rôtie La Landonne,4.6,4068
coffee,26,Côte-Rôtie La Landonne,4.6,4068
coffee,18,L'Hermitage,4.6,8592
coffee,18,L'Hermitage,4.6,8592
citrus,25,Corton-Charlemagne Grand Cru,4.4,1045
coffee,13,Pomerol,4.3,3870
coffee,13,Pomerol,4.3,3870
coffee,13,Saint-Emilion Grand Cru (Premier Grand Cru Classé),4.4,1986
coffee,13,Saint-Emilion Grand Cru (Premier Grand Cru Classé),4.4,1986
coffee,25,Pomerol,4.4,3509
coffee,25,Pomerol,4.4,3509
cream,13,Corton-Charlemagne Grand Cru,4.4,1007
citrus,24,Corton-Charlemagne Grand Cru,4.4,1007
coffee,30,Saint-Émilion Grand Cru,4.4,2829
coffee,30,Saint-Émilion Grand Cru,4.4,2829
cream,11,Saint-Émilion Grand Cru,4.4,2829
coffee,11,Trasnocho,4.5,3399
coffee,11,Trasnocho,4.5,3399
coffee,15,Vin Santo di Montepulciano Occhio di Pernice,4.4,1867
coffee,15,Vin Santo di Montepulciano Occhio di Pernice,4.4,1867
coffee,19,Campo del Titari Amarone della Valpolicella Classico Riserva,4.6,2946
coffee,19,Campo del Titari Amarone della Valpolicella Classico Riserva,4.6,2946
cream,29,Blanc,4.3,2053
citrus,25,Blanc,4.3,2053
coffee,117,Tenuta Guado al Tasso Bolgheri Superiore,4.5,33392
toast,22,Tenuta Guado al Tasso Bolgheri Superiore,4.5,33392
coffee,117,Tenuta Guado al Tasso Bolgheri Superiore,4.5,33392
cream,28,Tenuta Guado al Tasso Bolgheri Superiore,4.5,33392
toast,22,Tenuta Guado al Tasso Bolgheri Superiore,4.5,33392
coffee,136,60 Sessantanni Old Vines Primitivo di Manduria,4.5,94289
toast,11,60 Sessantanni Old Vines Primitivo di Manduria,4.5,94289
coffee,136,60 Sessantanni Old Vines Primitivo di Manduria,4.5,94289
cream,27,60 Sessantanni Old Vines Primitivo di Manduria,4.5,94289
toast,11,60 Sessantanni Old Vines Primitivo di Manduria,4.5,94289
coffee,34,Overture,4.5,16804
coffee,34,Overture,4.5,16804
cream,12,Overture,4.5,16804
coffee,36,Valpolicella Classico Superiore,4.5,12262
coffee,36,Valpolicella Classico Superiore,4.5,12262
cream,12,Valpolicella Classico Superiore,4.5,12262
toast,212,Grand Siècle Champagne (Grande Cuvée),4.5,9824
cream,169,Grand Siècle Champagne (Grande Cuvée),4.5,9824
toast,212,Grand Siècle Champagne (Grande Cuvée),4.5,9824
green apple,136,Grand Siècle Champagne (Grande Cuvée),4.5,9824
citrus,296,Grand Siècle Champagne (Grande Cuvée),4.5,9824
coffee,45,Limited Edition 10 Vendemmie,4.5,9453
coffee,45,Limited Edition 10 Vendemmie,4.5,9453
cream,15,Limited Edition 10 Vendemmie,4.5,9453
coffee,17,Amarone della Valpolicella Classico,4.5,6669
coffee,17,Amarone della Valpolicella Classico,4.5,6669
toast,53,Clos des Goisses Champagne,4.5,4662
green apple,24,Clos des Goisses Champagne,4.5,4662
cream,65,Clos des Goisses Champagne,4.5,4662
toast,53,Clos des Goisses Champagne,4.5,4662
citrus,78,Clos des Goisses Champagne,4.5,4662
coffee,24,Campolongo di Torbe Amarone della Valpolicella Classico,4.5,4392
coffee,24,Campolongo di Torbe Amarone della Valpolicella Classico,4.5,4392
coffee,61,Papillon,4.5,30682
toast,38,Papillon,4.5,30682
coffee,61,Papillon,4.5,30682
cream,29,Papillon,4.5,30682
toast,38,Papillon,4.5,30682
toast,525,La Grande Année Brut Champagne,4.5,24646
coffee,32,La Grande Année Brut Champagne,4.5,24646
coffee,32,La Grande Année Brut Champagne,4.5,24646
cream,425,La Grande Année Brut Champagne,4.5,24646
toast,525,La Grande Année Brut Champagne,4.5,24646
green apple,175,La Grande Année Brut Champagne,4.5,24646
citrus,454,La Grande Année Brut Champagne,4.5,24646
coffee,84,Alexander Valley Cabernet Sauvignon,4.4,46066
toast,31,Alexander Valley Cabernet Sauvignon,4.4,46066
coffee,84,Alexander Valley Cabernet Sauvignon,4.4,46066
cream,46,Alexander Valley Cabernet Sauvignon,4.4,46066
toast,31,Alexander Valley Cabernet Sauvignon,4.4,46066
cream,268,Castello della Sala Cervaro della Sala,4.4,30203
toast,78,Castello della Sala Cervaro della Sala,4.4,30203
toast,78,Castello della Sala Cervaro della Sala,4.4,30203
green apple,72,Castello della Sala Cervaro della Sala,4.4,30203
citrus,486,Castello della Sala Cervaro della Sala,4.4,30203
coffee,184,Toro,4.4,60705
toast,58,Toro,4.4,60705
coffee,184,Toro,4.4,60705
cream,60,Toro,4.4,60705
toast,58,Toro,4.4,60705
toast,244,La Grande Dame Brut Champagne,4.5,17474
coffee,16,La Grande Dame Brut Champagne,4.5,17474
coffee,16,La Grande Dame Brut Champagne,4.5,17474
green apple,111,La Grande Dame Brut Champagne,4.5,17474
cream,178,La Grande Dame Brut Champagne,4.5,17474
toast,244,La Grande Dame Brut Champagne,4.5,17474
citrus,326,La Grande Dame Brut Champagne,4.5,17474
coffee,18,The Armagh Shiraz,4.5,2472
coffee,18,The Armagh Shiraz,4.5,2472
cream,12,The Armagh Shiraz,4.5,2472
coffee,65,Tenuta Nuova Brunello di Montalcino,4.5,20934
coffee,65,Tenuta Nuova Brunello di Montalcino,4.5,20934
cream,22,Tenuta Nuova Brunello di Montalcino,4.5,20934
coffee,43,Tinto,4.4,65625
toast,21,Tinto,4.4,65625
coffee,43,Tinto,4.4,65625
cream,23,Tinto,4.4,65625
toast,21,Tinto,4.4,65625
cream,34,Coteau de Vernon Condrieu,4.5,2015
citrus,29,Coteau de Vernon Condrieu,4.5,2015
coffee,80,Cabernet Sauvignon,4.4,28544
toast,26,Cabernet Sauvignon,4.4,28544
coffee,80,Cabernet Sauvignon,4.4,28544
cream,51,Cabernet Sauvignon,4.4,28544
toast,26,Cabernet Sauvignon,4.4,28544
citrus,41,Chablis Grand Cru 'Valmur',4.5,1653
cream,15,Chablis Grand Cru 'Valmur',4.5,1653
green apple,11,Chablis Grand Cru 'Valmur',4.5,1653
coffee,14,Brunello di Montalcino,4.3,8875
coffee,14,Brunello di Montalcino,4.3,8875
coffee,32,Isosceles,4.5,18920
toast,20,Isosceles,4.5,18920
coffee,32,Isosceles,4.5,18920
cream,16,Isosceles,4.5,18920
toast,20,Isosceles,4.5,18920
coffee,13,50 & 50,4.4,9157
coffee,13,50 & 50,4.4,9157
coffee,61,Valpolicella Superiore Monte Lodoletta,4.5,13024
coffee,61,Valpolicella Superiore Monte Lodoletta,4.5,13024
cream,11,Valpolicella Superiore Monte Lodoletta,4.5,13024
coffee,32,Torre Muga,4.4,8767
toast,18,Torre Muga,4.4,8767
coffee,32,Torre Muga,4.4,8767
cream,18,Torre Muga,4.4,8767
toast,18,Torre Muga,4.4,8767
coffee,68,Aconcagua Valley,4.5,18482
toast,29,Aconcagua Valley,4.5,18482
coffee,68,Aconcagua Valley,4.5,18482
cream,31,Aconcagua Valley,4.5,18482
toast,29,Aconcagua Valley,4.5,18482
citrus,20,Bâtard-Montrachet Grand Cru,4.5,1182
cream,11,Bâtard-Montrachet Grand Cru,4.5,1182
coffee,157,Pauillac (Grand Cru Classé),4.4,37460
toast,42,Pauillac (Grand Cru Classé),4.4,37460
coffee,157,Pauillac (Grand Cru Classé),4.4,37460
cream,36,Pauillac (Grand Cru Classé),4.4,37460
toast,42,Pauillac (Grand Cru Classé),4.4,37460
toast,587,Comtes de Champagne Blanc de Blancs,4.5,27449
coffee,39,Comtes de Champagne Blanc de Blancs,4.5,27449
cream,589,Comtes de Champagne Blanc de Blancs,4.5,27449
toast,587,Comtes de Champagne Blanc de Blancs,4.5,27449
coffee,39,Comtes de Champagne Blanc de Blancs,4.5,27449
citrus,720,Comtes de Champagne Blanc de Blancs,4.5,27449
green apple,249,Comtes de Champagne Blanc de Blancs,4.5,27449
citrus,15,Champagne,4.5,1021
cream,17,Champagne,4.5,1021
coffee,23,Pedro Ximenez Tradición 20 Years Old Vos,4.5,954
coffee,23,Pedro Ximenez Tradición 20 Years Old Vos,4.5,954
coffee,60,Hermitage La Chapelle Rouge,4.3,15298
toast,18,Hermitage La Chapelle Rouge,4.3,15298
coffee,60,Hermitage La Chapelle Rouge,4.3,15298
cream,22,Hermitage La Chapelle Rouge,4.3,15298
toast,18,Hermitage La Chapelle Rouge,4.3,15298
coffee,17,Yarden Katzrin,4.5,894
coffee,17,Yarden Katzrin,4.5,894
coffee,57,Fusion V,4.4,12877
coffee,57,Fusion V,4.4,12877
citrus,86,Quarz Sauvignon,4.4,8884
green apple,24,Quarz Sauvignon,4.4,8884
cream,28,Quarz Sauvignon,4.4,8884
cream,13,Brut Rosé Champagne,4.5,830
coffee,40,One Point Five Cabernet Sauvignon,4.5,16341
coffee,40,One Point Five Cabernet Sauvignon,4.5,16341
cream,28,One Point Five Cabernet Sauvignon,4.5,16341
coffee,45,Malbec Argentino,4.4,47435
toast,14,Malbec Argentino,4.4,47435
coffee,45,Malbec Argentino,4.4,47435
cream,13,Malbec Argentino,4.4,47435
toast,14,Malbec Argentino,4.4,47435
coffee,25,Gran Reserva 890,4.5,11347
toast,26,Gran Reserva 890,4.5,11347
coffee,25,Gran Reserva 890,4.5,11347
cream,42,Gran Reserva 890,4.5,11347
toast,26,Gran Reserva 890,4.5,11347
coffee,18,Mazzano Amarone Della Valpolicella Classico,4.5,3276
coffee,18,Mazzano Amarone Della Valpolicella Classico,4.5,3276
citrus,15,Montrachet Grand Cru Blanc,4.5,700
coffee,17,Bramare Malbec Uco Valley,4.4,19752
coffee,17,Bramare Malbec Uco Valley,4.4,19752
coffee,18,Dalmau Rioja,4.4,7868
toast,15,Dalmau Rioja,4.4,7868
coffee,18,Dalmau Rioja,4.4,7868
cream,19,Dalmau Rioja,4.4,7868
toast,15,Dalmau Rioja,4.4,7868
coffee,105,Clio,4.5,24553
toast,22,Clio,4.5,24553
coffee,105,Clio,4.5,24553
cream,54,Clio,4.5,24553
toast,22,Clio,4.5,24553
cream,13,Il San Lorenzo Bianco,4.5,673
coffee,13,Altero Brunello di Montalcino,4.4,4620
coffee,13,Altero Brunello di Montalcino,4.4,4620
coffee,64,Mendoza,4.4,19849
coffee,64,Mendoza,4.4,19849
cream,23,Mendoza,4.4,19849
coffee,116,ARTEMIS Cabernet Sauvignon,4.4,81351
toast,60,ARTEMIS Cabernet Sauvignon,4.4,81351
coffee,116,ARTEMIS Cabernet Sauvignon,4.4,81351
cream,93,ARTEMIS Cabernet Sauvignon,4.4,81351
toast,60,ARTEMIS Cabernet Sauvignon,4.4,81351
citrus,46,Tokaji Aszú 5 Puttonyos,4.5,5449
toast,30,Tokaji Aszú 5 Puttonyos,4.5,5449
cream,19,Tokaji Aszú 5 Puttonyos,4.5,5449
toast,30,Tokaji Aszú 5 Puttonyos,4.5,5449
coffee,35,5 Stelle Sfursat,4.5,10740
coffee,35,5 Stelle Sfursat,4.5,10740
coffee,12,Vecchie Vigne Brunello di Montalcino,4.3,3868
coffee,12,Vecchie Vigne Brunello di Montalcino,4.3,3868
coffee,14,Lupicaia,4.4,4414
coffee,14,Lupicaia,4.4,4414
toast,40,Cuvée Annamaria Clementi (Extra Brut),4.5,7928
cream,65,Cuvée Annamaria Clementi (Extra Brut),4.5,7928
toast,40,Cuvée Annamaria Clementi (Extra Brut),4.5,7928
green apple,20,Cuvée Annamaria Clementi (Extra Brut),4.5,7928
citrus,35,Cuvée Annamaria Clementi (Extra Brut),4.5,7928
coffee,13,Pietro Dal Cero Amarone della Valpolicella,4.5,6424
coffee,13,Pietro Dal Cero Amarone della Valpolicella,4.5,6424
cream,15,Chloe Chardonnay,4.5,458
citrus,13,Chloe Chardonnay,4.5,458
coffee,33,FAY Cabernet Sauvignon,4.5,10840
coffee,33,FAY Cabernet Sauvignon,4.5,10840
cream,12,FAY Cabernet Sauvignon,4.5,10840
coffee,37,Galatrona,4.3,7971
coffee,37,Galatrona,4.3,7971
cream,19,Galatrona,4.3,7971
coffee,41,Macán,4.4,14368
coffee,41,Macán,4.4,14368
cream,14,Macán,4.4,14368
coffee,20,Barón de Chirel Rioja Reserva,4.4,8578
toast,16,Barón de Chirel Rioja Reserva,4.4,8578
coffee,20,Barón de Chirel Rioja Reserva,4.4,8578
toast,16,Barón de Chirel Rioja Reserva,4.4,8578
coffee,12,Barolo Bricco Rocche,4.4,2923
coffee,12,Barolo Bricco Rocche,4.4,2923
coffee,17,Vigne Vecchie Gold Series Leggenda Primitivo di Manduria,4.3,3121
coffee,17,Vigne Vecchie Gold Series Leggenda Primitivo di Manduria,4.3,3121
coffee,43,Nicolás Catena Zapata,4.4,28227
coffee,43,Nicolás Catena Zapata,4.4,28227
cream,24,Nicolás Catena Zapata,4.4,28227
coffee,36,Turriga Isola dei Nuraghi,4.4,14641
coffee,36,Turriga Isola dei Nuraghi,4.4,14641
coffee,185,Saint-Julien (Grand Cru Classé),4.3,33618
toast,54,Saint-Julien (Grand Cru Classé),4.3,33618
coffee,185,Saint-Julien (Grand Cru Classé),4.3,33618
cream,65,Saint-Julien (Grand Cru Classé),4.3,33618
toast,54,Saint-Julien (Grand Cru Classé),4.3,33618
coffee,18,Brunello di Montalcino,4.5,7883
coffee,18,Brunello di Montalcino,4.5,7883
coffee,12,Luce Brunello di Montalcino,4.5,6544
coffee,12,Luce Brunello di Montalcino,4.5,6544
citrus,41,Reserve Chardonnay,4.5,396
cream,17,Reserve Chardonnay,4.5,396
coffee,17,Pinotage,4.4,2063
toast,17,Pinotage,4.4,2063
coffee,17,Pinotage,4.4,2063
toast,17,Pinotage,4.4,2063
coffee,231,Cos d'Estournel,4.4,43704
toast,54,Cos d'Estournel,4.4,43704
coffee,231,Cos d'Estournel,4.4,43704
cream,62,Cos d'Estournel,4.4,43704
toast,54,Cos d'Estournel,4.4,43704
cream,30,Beaune 1er Cru 'Clos des Mouches' Blanc,4.4,3093
citrus,36,Beaune 1er Cru 'Clos des Mouches' Blanc,4.4,3093
coffee,18,Gran Enemigo,4.5,18739
coffee,18,Gran Enemigo,4.5,18739
coffee,19,Bric Dël Fiasc Barolo,4.3,4947
coffee,19,Bric Dël Fiasc Barolo,4.3,4947
citrus,185,Silex,4.5,8386
green apple,48,Silex,4.5,8386
cream,45,Silex,4.5,8386
toast,13,Silex,4.5,8386
toast,13,Silex,4.5,8386
citrus,31,Castello della Sala Muffato della Sala,4.3,6356
cream,11,Castello della Sala Muffato della Sala,4.3,6356
coffee,12,Kairos,4.4,7364
coffee,12,Kairos,4.4,7364
toast,11,VV 26 Blanc de Blancs Vieilles Vignes Grand Cru Brut,4.5,314
toast,11,VV 26 Blanc de Blancs Vieilles Vignes Grand Cru Brut,4.5,314
coffee,22,Pieve Santa Restituta Rennina Brunello di Montalcino,4.5,3393
coffee,22,Pieve Santa Restituta Rennina Brunello di Montalcino,4.5,3393
coffee,28,Clos des Lambrays Grand Cru,4.4,6431
coffee,28,Clos des Lambrays Grand Cru,4.4,6431
coffee,12,Colheita Port,4.2,8039
coffee,12,Colheita Port,4.2,8039
cream,16,Colheita Port,4.2,8039
citrus,57,Barsac (Premier Grand Cru Classé),4.4,6028
toast,19,Barsac (Premier Grand Cru Classé),4.4,6028
cream,65,Barsac (Premier Grand Cru Classé),4.4,6028
toast,19,Barsac (Premier Grand Cru Classé),4.4,6028
coffee,94,Saint-Estèphe (Grand Cru Classé),4.3,35624
toast,35,Saint-Estèphe (Grand Cru Classé),4.3,35624
coffee,94,Saint-Estèphe (Grand Cru Classé),4.3,35624
cream,39,Saint-Estèphe (Grand Cru Classé),4.3,35624
toast,35,Saint-Estèphe (Grand Cru Classé),4.3,35624
coffee,19,Brunello di Montalcino,4.5,4357
coffee,19,Brunello di Montalcino,4.5,4357
coffee,15,Reserve Pinotage,4.4,1891
coffee,15,Reserve Pinotage,4.4,1891
cream,13,Reserve Pinotage,4.4,1891
coffee,14,Brunello di Montalcino  Montosoli,4.4,6176
coffee,14,Brunello di Montalcino  Montosoli,4.4,6176
coffee,53,Monte Bello,4.5,11978
toast,15,Monte Bello,4.5,11978
coffee,53,Monte Bello,4.5,11978
cream,27,Monte Bello,4.5,11978
toast,15,Monte Bello,4.5,11978
coffee,192,Ribera del Duero,4.5,69278
toast,59,Ribera del Duero,4.5,69278
coffee,192,Ribera del Duero,4.5,69278
cream,73,Ribera del Duero,4.5,69278
toast,59,Ribera del Duero,4.5,69278
coffee,33,Brunello di Montalcino,4.4,9257
coffee,33,Brunello di Montalcino,4.4,9257
coffee,18,Pomerol,4.4,3377
coffee,18,Pomerol,4.4,3377
coffee,11,VIK,4.6,8493
coffee,11,VIK,4.6,8493
coffee,11,Le Désir,4.5,1694
coffee,11,Le Désir,4.5,1694
coffee,16,Barbaresco Rabajà,4.3,5469
coffee,16,Barbaresco Rabajà,4.3,5469
coffee,11,Ares,4.4,1995
coffee,11,Ares,4.4,1995
coffee,25,Calcarole Amarone della Valpolicella Classico,4.6,2757
coffee,25,Calcarole Amarone della Valpolicella Classico,4.6,2757
coffee,83,Saint-Émilion Grand Cru (Premier Grand Cru Classé),4.4,24916
toast,13,Saint-Émilion Grand Cru (Premier Grand Cru Classé),4.4,24916
coffee,83,Saint-Émilion Grand Cru (Premier Grand Cru Classé),4.4,24916
cream,26,Saint-Émilion Grand Cru (Premier Grand Cru Classé),4.4,24916
toast,13,Saint-Émilion Grand Cru (Premier Grand Cru Classé),4.4,24916
coffee,14,Percarlo,4.3,4808
coffee,14,Percarlo,4.3,4808
green apple,16,Toscana Bianco,4.5,833
citrus,20,Toscana Bianco,4.5,833
cream,12,Toscana Bianco,4.5,833
coffee,13,Ca’ del Merlo Rosso Veneto,4.5,2198
coffee,13,Ca’ del Merlo Rosso Veneto,4.5,2198
citrus,50,Les Clos Chablís Grand Cru,4.5,1750
cream,23,Les Clos Chablís Grand Cru,4.5,1750
green apple,11,Les Clos Chablís Grand Cru,4.5,1750
toast,14,Nosotros Single Vineyard Nómade,4.6,9995
toast,14,Nosotros Single Vineyard Nómade,4.6,9995
coffee,13,Conteisa Langhe,4.5,2295
coffee,13,Conteisa Langhe,4.5,2295
coffee,12,d'Alceo,4.4,3133
coffee,12,d'Alceo,4.4,3133
green apple,43,One Sixteen Chardonnay,4.4,1753
cream,17,One Sixteen Chardonnay,4.4,1753
toast,16,One Sixteen Chardonnay,4.4,1753
citrus,76,One Sixteen Chardonnay,4.4,1753
toast,16,One Sixteen Chardonnay,4.4,1753
toast,113,MV,4.5,4763
green apple,33,MV,4.5,4763
cream,109,MV,4.5,4763
toast,113,MV,4.5,4763
citrus,131,MV,4.5,4763
coffee,13,Red,4.6,4933
coffee,13,Red,4.6,4933
coffee,17,Vintage Port,4.5,2614
coffee,17,Vintage Port,4.5,2614
coffee,18,Barolo Le Vigne,4.3,5026
coffee,18,Barolo Le Vigne,4.3,5026
toast,30,N.P.U. Extra Brut Champagne (Nec Plus Ultra),4.5,1482
cream,19,N.P.U. Extra Brut Champagne (Nec Plus Ultra),4.5,1482
toast,30,N.P.U. Extra Brut Champagne (Nec Plus Ultra),4.5,1482
citrus,30,N.P.U. Extra Brut Champagne (Nec Plus Ultra),4.5,1482
coffee,20,Kurni Marche,4.6,10261
coffee,20,Kurni Marche,4.6,10261
coffee,34,Côtes de Bourg,4.4,8249
coffee,34,Côtes de Bourg,4.4,8249
cream,11,Côtes de Bourg,4.4,8249
coffee,16,Scrio,4.3,2322
coffee,16,Scrio,4.3,2322
cream,35,Chardonnay,4.4,1031
toast,13,Chardonnay,4.4,1031
citrus,56,Chardonnay,4.4,1031
toast,13,Chardonnay,4.4,1031
green apple,12,Chardonnay,4.4,1031
coffee,22,Pomerol,4.3,4641
coffee,22,Pomerol,4.3,4641
coffee,12,80 Vecchie Vigne Primitivo di Manduria Old Vines,4.4,2476
coffee,12,80 Vecchie Vigne Primitivo di Manduria Old Vines,4.4,2476
cream,12,Gorgona,4.4,592
toast,30,Serral del Vell Brut Nature,4.3,2418
cream,38,Serral del Vell Brut Nature,4.3,2418
toast,30,Serral del Vell Brut Nature,4.3,2418
citrus,28,Serral del Vell Brut Nature,4.3,2418
green apple,36,Scharzhofberger Riesling Kabinett,4.4,3047
citrus,72,Scharzhofberger Riesling Kabinett,4.4,3047
cream,16,Scharzhofberger Riesling Kabinett,4.4,3047
coffee,20,Malleolus de Sanchomartin,4.6,3655
coffee,20,Malleolus de Sanchomartin,4.6,3655
coffee,11,Duemani Cabernet Franc,4.4,2339
coffee,11,Duemani Cabernet Franc,4.4,2339
coffee,13,Ai Suma Barbera d'Asti,4.4,3012
coffee,13,Ai Suma Barbera d'Asti,4.4,3012
citrus,38,Scharzhofberger Riesling Spätlese,4.4,1564
citrus,44,Puligny-Montrachet Enseignères,4.3,941
cream,12,Puligny-Montrachet Enseignères,4.3,941
toast,11,Puligny-Montrachet Enseignères,4.3,941
toast,11,Puligny-Montrachet Enseignères,4.3,941
coffee,31,Solare Toscana,4.2,4961
coffee,31,Solare Toscana,4.2,4961
citrus,93,Pur Sang,4.3,3634
green apple,29,Pur Sang,4.3,3634
cream,23,Pur Sang,4.3,3634
coffee,12,Blueline Estate Cabernet Sauvignon,4.5,1321
coffee,12,Blueline Estate Cabernet Sauvignon,4.5,1321
citrus,25,Pessac-Léognan Blanc (Grand Cru Classé de Graves),4.3,1182
citrus,13,Meursault 1er Cru 'Les Genevrières',4.3,606
coffee,13,Tinto,4.4,2511
coffee,13,Tinto,4.4,2511
cream,14,Tinto,4.4,2511
coffee,11,Primitivo di Manduria,4.2,2011
coffee,11,Primitivo di Manduria,4.2,2011
citrus,33,Chevalier-Montrachet Grand Cru Blanc,4.4,1283
cream,32,Chevalier-Montrachet Grand Cru Blanc,4.4,1283
toast,13,Chevalier-Montrachet Grand Cru Blanc,4.4,1283
toast,13,Chevalier-Montrachet Grand Cru Blanc,4.4,1283
toast,13,Nuits-Saint-Georges 1er Cru Les Damodes,4.1,793
toast,13,Nuits-Saint-Georges 1er Cru Les Damodes,4.1,793
cream,378,Brut Cuvée Champagne Rosé,4.4,36681
toast,251,Brut Cuvée Champagne Rosé,4.4,36681
citrus,436,Brut Cuvée Champagne Rosé,4.4,36681
toast,251,Brut Cuvée Champagne Rosé,4.4,36681
green apple,66,Brut Cuvée Champagne Rosé,4.4,36681
citrus,441,Brut Rosé Champagne,4.4,23241
cream,364,Brut Rosé Champagne,4.4,23241
toast,190,Brut Rosé Champagne,4.4,23241
toast,190,Brut Rosé Champagne,4.4,23241
green apple,91,Brut Rosé Champagne,4.4,23241
cream,222,Brut Rosé Champagne,4.4,21147
toast,158,Brut Rosé Champagne,4.4,21147
citrus,242,Brut Rosé Champagne,4.4,21147
toast,158,Brut Rosé Champagne,4.4,21147
green apple,29,Brut Rosé Champagne,4.4,21147
coffee,16,Sauternes (Premier Grand Cru Classé),4.4,19239
toast,44,Sauternes (Premier Grand Cru Classé),4.4,19239
coffee,16,Sauternes (Premier Grand Cru Classé),4.4,19239
citrus,134,Sauternes (Premier Grand Cru Classé),4.4,19239
cream,126,Sauternes (Premier Grand Cru Classé),4.4,19239
toast,44,Sauternes (Premier Grand Cru Classé),4.4,19239
coffee,35,Pavillon Rouge du Château Margaux,4.4,16401
toast,13,Pavillon Rouge du Château Margaux,4.4,16401
coffee,35,Pavillon Rouge du Château Margaux,4.4,16401
cream,19,Pavillon Rouge du Château Margaux,4.4,16401
toast,13,Pavillon Rouge du Château Margaux,4.4,16401
coffee,62,Paleo Rosso,4.4,10940
coffee,62,Paleo Rosso,4.4,10940
cream,27,Paleo Rosso,4.4,10940
coffee,372,Costasera Amarone della Valpolicella Classico,4.3,93397
toast,34,Costasera Amarone della Valpolicella Classico,4.3,93397
coffee,372,Costasera Amarone della Valpolicella Classico,4.3,93397
cream,49,Costasera Amarone della Valpolicella Classico,4.3,93397
toast,34,Costasera Amarone della Valpolicella Classico,4.3,93397
coffee,18,Brunello di Montalcino,4.4,9171
coffee,18,Brunello di Montalcino,4.4,9171
coffee,35,Siepi,4.4,8129
toast,13,Siepi,4.4,8129
coffee,35,Siepi,4.4,8129
toast,13,Siepi,4.4,8129
coffee,42,Ribera del Duero Reserva,4.3,37394
toast,22,Ribera del Duero Reserva,4.3,37394
coffee,42,Ribera del Duero Reserva,4.3,37394
toast,22,Ribera del Duero Reserva,4.3,37394
toast,126,Blanc de Blancs Brut Champagne Grand Cru,4.4,5553
cream,118,Blanc de Blancs Brut Champagne Grand Cru,4.4,5553
toast,126,Blanc de Blancs Brut Champagne Grand Cru,4.4,5553
green apple,74,Blanc de Blancs Brut Champagne Grand Cru,4.4,5553
citrus,152,Blanc de Blancs Brut Champagne Grand Cru,4.4,5553
coffee,15,Lagrein Riserva Porphyr,4.4,5123
coffee,15,Lagrein Riserva Porphyr,4.4,5123
green apple,13,Beyond the Clouds,4.4,4760
cream,56,Beyond the Clouds,4.4,4760
citrus,22,Beyond the Clouds,4.4,4760
coffee,14,Saperavi,4.4,4745
coffee,14,Saperavi,4.4,4745
coffee,70,Pian delle Vigne Brunello di Montalcino,4.3,31363
toast,11,Pian delle Vigne Brunello di Montalcino,4.3,31363
coffee,70,Pian delle Vigne Brunello di Montalcino,4.3,31363
cream,26,Pian delle Vigne Brunello di Montalcino,4.3,31363
toast,11,Pian delle Vigne Brunello di Montalcino,4.3,31363
green apple,28,Brut Champagne (Gold),4.4,3874
toast,20,Brut Champagne (Gold),4.4,3874
citrus,74,Brut Champagne (Gold),4.4,3874
cream,54,Brut Champagne (Gold),4.4,3874
toast,20,Brut Champagne (Gold),4.4,3874
coffee,14,Chateau Buena Vista Cabernet Sauvignon Napa Valley,4.3,13415
coffee,14,Chateau Buena Vista Cabernet Sauvignon Napa Valley,4.3,13415
coffee,15,Saint-Émilion Grand Cru (Grand Cru Classé),4.4,3498
coffee,15,Saint-Émilion Grand Cru (Grand Cru Classé),4.4,3498
coffee,88,Amarone della Valpolicella Classico,4.4,48329
toast,14,Amarone della Valpolicella Classico,4.4,48329
coffee,88,Amarone della Valpolicella Classico,4.4,48329
cream,28,Amarone della Valpolicella Classico,4.4,48329
toast,14,Amarone della Valpolicella Classico,4.4,48329
citrus,63,Guerriero del Mare,4.4,3290
cream,17,Guerriero del Mare,4.4,3290
coffee,47,Brunello di Montalcino,4.4,25989
toast,14,Brunello di Montalcino,4.4,25989
coffee,47,Brunello di Montalcino,4.4,25989
toast,14,Brunello di Montalcino,4.4,25989
citrus,11,Brunello di Montalcino,4.4,25989
coffee,19,Amarone della Valpolicella,4.4,2680
coffee,19,Amarone della Valpolicella,4.4,2680
cream,38,Vieilles Vignes Châteauneuf-du-Pape Blanc,4.4,2587
toast,11,Vieilles Vignes Châteauneuf-du-Pape Blanc,4.4,2587
toast,11,Vieilles Vignes Châteauneuf-du-Pape Blanc,4.4,2587
citrus,17,Vieilles Vignes Châteauneuf-du-Pape Blanc,4.4,2587
coffee,13,Malbec,4.2,33640
coffee,13,Malbec,4.2,33640
cream,35,Corton-Charlemagne Grand Cru Blanc,4.4,2453
toast,20,Corton-Charlemagne Grand Cru Blanc,4.4,2453
toast,20,Corton-Charlemagne Grand Cru Blanc,4.4,2453
citrus,47,Corton-Charlemagne Grand Cru Blanc,4.4,2453
green apple,19,Corton-Charlemagne Grand Cru Blanc,4.4,2453
coffee,92,Châteauneuf-du-Pape,4.4,38998
toast,41,Châteauneuf-du-Pape,4.4,38998
coffee,92,Châteauneuf-du-Pape,4.4,38998
cream,49,Châteauneuf-du-Pape,4.4,38998
toast,41,Châteauneuf-du-Pape,4.4,38998
citrus,11,Châteauneuf-du-Pape,4.4,38998
coffee,44,Pieve Santa Restituta Brunello di Montalcino,4.4,21867
toast,15,Pieve Santa Restituta Brunello di Montalcino,4.4,21867
coffee,44,Pieve Santa Restituta Brunello di Montalcino,4.4,21867
cream,15,Pieve Santa Restituta Brunello di Montalcino,4.4,21867
toast,15,Pieve Santa Restituta Brunello di Montalcino,4.4,21867
green apple,26,V.P Extra Brut Champagne Grand Cru 'Ambonnay',4.4,2079
toast,52,V.P Extra Brut Champagne Grand Cru 'Ambonnay',4.4,2079
cream,31,V.P Extra Brut Champagne Grand Cru 'Ambonnay',4.4,2079
toast,52,V.P Extra Brut Champagne Grand Cru 'Ambonnay',4.4,2079
citrus,63,V.P Extra Brut Champagne Grand Cru 'Ambonnay',4.4,2079
green apple,224,Belle Epoque Brut Champagne,4.5,20992
toast,239,Belle Epoque Brut Champagne,4.5,20992
coffee,14,Belle Epoque Brut Champagne,4.5,20992
citrus,423,Belle Epoque Brut Champagne,4.5,20992
cream,207,Belle Epoque Brut Champagne,4.5,20992
toast,239,Belle Epoque Brut Champagne,4.5,20992
coffee,14,Belle Epoque Brut Champagne,4.5,20992
coffee,12,Guerriero della Terra,4.4,10185
coffee,12,Guerriero della Terra,4.4,10185
cream,12,Guerriero della Terra,4.4,10185
coffee,119,Saint-Julien (Grand Cru Classé),4.3,32627
toast,30,Saint-Julien (Grand Cru Classé),4.3,32627
coffee,119,Saint-Julien (Grand Cru Classé),4.3,32627
cream,42,Saint-Julien (Grand Cru Classé),4.3,32627
toast,30,Saint-Julien (Grand Cru Classé),4.3,32627
cream,47,Rosé Brut Champagne Grand Cru 'Ambonnay',4.4,1782
toast,26,Rosé Brut Champagne Grand Cru 'Ambonnay',4.4,1782
citrus,42,Rosé Brut Champagne Grand Cru 'Ambonnay',4.4,1782
toast,26,Rosé Brut Champagne Grand Cru 'Ambonnay',4.4,1782
coffee,31,Il Pino di Biserno,4.3,17566
coffee,31,Il Pino di Biserno,4.3,17566
cream,19,Il Pino di Biserno,4.3,17566
coffee,69,Roda I Reserva Rioja,4.4,22749
toast,20,Roda I Reserva Rioja,4.4,22749
coffee,69,Roda I Reserva Rioja,4.4,22749
cream,41,Roda I Reserva Rioja,4.4,22749
toast,20,Roda I Reserva Rioja,4.4,22749
cream,14,Chassagne-Montrachet Premier Cru 'Morgeot' Blanc,4.4,1701
citrus,21,Chassagne-Montrachet Premier Cru 'Morgeot' Blanc,4.4,1701
coffee,117,Pessac-Léognan (Grand Cru Classé de Graves),4.4,27316
toast,36,Pessac-Léognan (Grand Cru Classé de Graves),4.4,27316
coffee,117,Pessac-Léognan (Grand Cru Classé de Graves),4.4,27316
cream,53,Pessac-Léognan (Grand Cru Classé de Graves),4.4,27316
toast,36,Pessac-Léognan (Grand Cru Classé de Graves),4.4,27316
citrus,33,Pessac-Léognan (Grand Cru Classé de Graves),4.4,27316
coffee,126,Amarone della Valpolicella Classico,4.3,77515
toast,25,Amarone della Valpolicella Classico,4.3,77515
coffee,126,Amarone della Valpolicella Classico,4.3,77515
cream,55,Amarone della Valpolicella Classico,4.3,77515
toast,25,Amarone della Valpolicella Classico,4.3,77515
citrus,15,Amarone della Valpolicella Classico,4.3,77515
coffee,87,Amarone della Valpolicella Classico,4.3,27794
toast,15,Amarone della Valpolicella Classico,4.3,27794
coffee,87,Amarone della Valpolicella Classico,4.3,27794
cream,21,Amarone della Valpolicella Classico,4.3,27794
toast,15,Amarone della Valpolicella Classico,4.3,27794
coffee,52,Macán Clásico,4.3,16525
toast,15,Macán Clásico,4.3,16525
coffee,52,Macán Clásico,4.3,16525
cream,11,Macán Clásico,4.3,16525
toast,15,Macán Clásico,4.3,16525
coffee,46,Eight Years In The Desert,4.4,27195
toast,22,Eight Years In The Desert,4.4,27195
coffee,46,Eight Years In The Desert,4.4,27195
cream,41,Eight Years In The Desert,4.4,27195
toast,22,Eight Years In The Desert,4.4,27195
coffee,19,Brunello di Montalcino Riserva Vigna Paganelli,4.3,7123
coffee,19,Brunello di Montalcino Riserva Vigna Paganelli,4.3,7123
cream,30,Avizoise Blanc de Blancs Extra Brut Champagne Grand Cru 'Avize',4.4,1278
toast,28,Avizoise Blanc de Blancs Extra Brut Champagne Grand Cru 'Avize',4.4,1278
toast,28,Avizoise Blanc de Blancs Extra Brut Champagne Grand Cru 'Avize',4.4,1278
green apple,20,Avizoise Blanc de Blancs Extra Brut Champagne Grand Cru 'Avize',4.4,1278
citrus,26,Avizoise Blanc de Blancs Extra Brut Champagne Grand Cru 'Avize',4.4,1278
coffee,13,Sauternes (Premier Grand Cru Classé),4.3,17293
citrus,133,Sauternes (Premier Grand Cru Classé),4.3,17293
toast,37,Sauternes (Premier Grand Cru Classé),4.3,17293
coffee,13,Sauternes (Premier Grand Cru Classé),4.3,17293
cream,151,Sauternes (Premier Grand Cru Classé),4.3,17293
toast,37,Sauternes (Premier Grand Cru Classé),4.3,17293
coffee,101,Le Serre Nuove,4.3,50411
toast,24,Le Serre Nuove,4.3,50411
coffee,101,Le Serre Nuove,4.3,50411
cream,56,Le Serre Nuove,4.3,50411
toast,24,Le Serre Nuove,4.3,50411
coffee,65,St. Henri Shiraz,4.4,17326
coffee,65,St. Henri Shiraz,4.4,17326
cream,29,St. Henri Shiraz,4.4,17326
coffee,23,Bolgheri Superiore,4.3,14242
coffee,23,Bolgheri Superiore,4.3,14242
cream,12,Bolgheri Superiore,4.3,14242
coffee,16,Campo León Amarone della Valpolicella,4.4,7778
coffee,16,Campo León Amarone della Valpolicella,4.4,7778
coffee,35,Bolgheri Superiore Sondraia,4.2,12843
coffee,35,Bolgheri Superiore Sondraia,4.2,12843
cream,16,Puligny-Montrachet Premier Cru Champ-Canet,4.4,1020
citrus,18,Puligny-Montrachet Premier Cru Champ-Canet,4.4,1020
coffee,28,Rioja Reserva,4.4,13544
coffee,28,Rioja Reserva,4.4,13544
cream,16,Rioja Reserva,4.4,13544
cream,16,Lion Tamer Napa Valley Red Blend,4.3,4981
green apple,406,Chardonnay,4.3,18694
cream,318,Chardonnay,4.3,18694
toast,89,Chardonnay,4.3,18694
citrus,654,Chardonnay,4.3,18694
toast,89,Chardonnay,4.3,18694
coffee,16,Mossone,4.4,892
coffee,16,Mossone,4.4,892
coffee,52,Oreno Toscana,4.3,12407
toast,18,Oreno Toscana,4.3,12407
coffee,52,Oreno Toscana,4.3,12407
cream,21,Oreno Toscana,4.3,12407
toast,18,Oreno Toscana,4.3,12407
coffee,17,Le Petit Mouton de Mouton Rothschild Pauillac,4.4,8214
coffee,17,Le Petit Mouton de Mouton Rothschild Pauillac,4.4,8214
coffee,26,Reserva Ribera del Duero,4.3,11233
toast,12,Reserva Ribera del Duero,4.3,11233
coffee,26,Reserva Ribera del Duero,4.3,11233
cream,13,Reserva Ribera del Duero,4.3,11233
toast,12,Reserva Ribera del Duero,4.3,11233
coffee,17,Domus Aurea Cabernet Sauvignon,4.4,9603
coffee,17,Domus Aurea Cabernet Sauvignon,4.4,9603
coffee,17,Gran Reserva Rioja (Finca Ygay),4.3,9595
coffee,17,Gran Reserva Rioja (Finca Ygay),4.3,9595
citrus,21,Vénus Blanc de Blancs Brut Nature Champagne Grand Cru 'Avize',4.4,794
green apple,13,Vénus Blanc de Blancs Brut Nature Champagne Grand Cru 'Avize',4.4,794
citrus,49,Ribolla Gialla,4.3,7018
cream,14,Ribolla Gialla,4.3,7018
citrus,24,Tessons Clos de Mon Plaisir Meursault,4.4,761
coffee,22,Mille E Una Notte,4.3,15865
coffee,22,Mille E Una Notte,4.3,15865
cream,11,Mille E Una Notte,4.3,15865
citrus,12,Corton-Charlemagne Grand Cru,4.4,708
green apple,12,5 Puttonyos Aszú (Blue Label),4.4,11106
citrus,118,5 Puttonyos Aszú (Blue Label),4.4,11106
toast,30,5 Puttonyos Aszú (Blue Label),4.4,11106
cream,68,5 Puttonyos Aszú (Blue Label),4.4,11106
toast,30,5 Puttonyos Aszú (Blue Label),4.4,11106
coffee,154,Pauillac (Grand Cru Classé),4.4,39731
toast,37,Pauillac (Grand Cru Classé),4.4,39731
coffee,154,Pauillac (Grand Cru Classé),4.4,39731
cream,46,Pauillac (Grand Cru Classé),4.4,39731
toast,37,Pauillac (Grand Cru Classé),4.4,39731
coffee,21,Toscana I Sodi di San Niccolo,4.4,8853
coffee,21,Toscana I Sodi di San Niccolo,4.4,8853
coffee,86,Malleolus,4.3,34630
toast,26,Malleolus,4.3,34630
coffee,86,Malleolus,4.3,34630
cream,12,Malleolus,4.3,34630
toast,26,Malleolus,4.3,34630
cream,22,Cream Tradición Vos 20 Years,4.4,623
coffee,37,Saint-Émilion Grand Cru (Premier Grand Cru Classé),4.4,6879
toast,12,Saint-Émilion Grand Cru (Premier Grand Cru Classé),4.4,6879
coffee,37,Saint-Émilion Grand Cru (Premier Grand Cru Classé),4.4,6879
cream,18,Saint-Émilion Grand Cru (Premier Grand Cru Classé),4.4,6879
toast,12,Saint-Émilion Grand Cru (Premier Grand Cru Classé),4.4,6879
coffee,94,Pomerol,4.2,11645
toast,31,Pomerol,4.2,11645
coffee,94,Pomerol,4.2,11645
cream,13,Pomerol,4.2,11645
toast,31,Pomerol,4.2,11645
coffee,33,Saffredi,4.4,10499
coffee,33,Saffredi,4.4,10499
cream,21,Saffredi,4.4,10499
toast,12,Les Blanchiens Brut Nature Champagne Premier Cru,4.4,590
toast,12,Les Blanchiens Brut Nature Champagne Premier Cru,4.4,590
citrus,11,Les Blanchiens Brut Nature Champagne Premier Cru,4.4,590
coffee,15,Campo dei Gigli Amarone della Valpolicella,4.4,5050
coffee,15,Campo dei Gigli Amarone della Valpolicella,4.4,5050
coffee,11,Brunello di Montalcino,4.3,5608
coffee,11,Brunello di Montalcino,4.3,5608
coffee,19,Brunello di Montalcino,4.3,7546
coffee,19,Brunello di Montalcino,4.3,7546
coffee,18,Dagromis Barolo,4.3,20685
coffee,18,Dagromis Barolo,4.3,20685
coffee,38,San Vicente Rioja,4.3,10701
toast,14,San Vicente Rioja,4.3,10701
coffee,38,San Vicente Rioja,4.3,10701
toast,14,San Vicente Rioja,4.3,10701
coffee,56,TD9,4.3,6056
coffee,56,TD9,4.3,6056
coffee,54,Luce,4.4,17470
toast,15,Luce,4.4,17470
coffee,54,Luce,4.4,17470
cream,15,Luce,4.4,17470
toast,15,Luce,4.4,17470
coffee,12,Evenstad Reserve Pinot Noir,4.4,11531
toast,12,Evenstad Reserve Pinot Noir,4.4,11531
coffee,12,Evenstad Reserve Pinot Noir,4.4,11531
cream,27,Evenstad Reserve Pinot Noir,4.4,11531
toast,12,Evenstad Reserve Pinot Noir,4.4,11531
cream,45,Chassagne-Montrachet,4.3,3269
toast,14,Chassagne-Montrachet,4.3,3269
citrus,89,Chassagne-Montrachet,4.3,3269
toast,14,Chassagne-Montrachet,4.3,3269
cream,41,Riserva Nova Domus Terlaner,4.3,5250
citrus,39,Riserva Nova Domus Terlaner,4.3,5250
coffee,32,Gaudium,4.3,7414
toast,11,Gaudium,4.3,7414
coffee,32,Gaudium,4.3,7414
cream,11,Gaudium,4.3,7414
toast,11,Gaudium,4.3,7414
coffee,46,Saint-Émilion Grand Cru (Premier Grand Cru Classé),4.3,10699
toast,14,Saint-Émilion Grand Cru (Premier Grand Cru Classé),4.3,10699
coffee,46,Saint-Émilion Grand Cru (Premier Grand Cru Classé),4.3,10699
cream,22,Saint-Émilion Grand Cru (Premier Grand Cru Classé),4.3,10699
toast,14,Saint-Émilion Grand Cru (Premier Grand Cru Classé),4.3,10699
coffee,14,Gold Series Syrah,4.4,477
coffee,14,Gold Series Syrah,4.4,477
green apple,17,Puligny-Montrachet Premier Cru ' Clos de la Truffière',4.4,475
citrus,23,Puligny-Montrachet Premier Cru ' Clos de la Truffière',4.4,475
coffee,12,Kevin Arnold Shiraz,4.2,6987
coffee,12,Kevin Arnold Shiraz,4.2,6987
coffee,16,Toscana,4.2,7434
toast,16,Toscana,4.2,7434
coffee,16,Toscana,4.2,7434
cream,11,Toscana,4.2,7434
toast,16,Toscana,4.2,7434
coffee,18,Montepulciano d'Abruzzo,4.2,10110
coffee,18,Montepulciano d'Abruzzo,4.2,10110
coffee,16,Brunello di Montalcino,4.3,8356
coffee,16,Brunello di Montalcino,4.3,8356
toast,13,Puligny-Montrachet 1er Cru 'La Garenne',4.4,442
toast,13,Puligny-Montrachet 1er Cru 'La Garenne',4.4,442
coffee,77,Margaux (Grand Cru Classé),4.2,15699
toast,26,Margaux (Grand Cru Classé),4.2,15699
coffee,77,Margaux (Grand Cru Classé),4.2,15699
cream,22,Margaux (Grand Cru Classé),4.2,15699
toast,26,Margaux (Grand Cru Classé),4.2,15699
coffee,20,Cosimo Varvaglione Collezione Privata Primitivo di Manduria,4.5,5016
coffee,20,Cosimo Varvaglione Collezione Privata Primitivo di Manduria,4.5,5016
cream,197,Les Noisetiers,4.4,7035
toast,37,Les Noisetiers,4.4,7035
green apple,44,Les Noisetiers,4.4,7035
citrus,174,Les Noisetiers,4.4,7035
toast,37,Les Noisetiers,4.4,7035
coffee,16,Vürsù Barbaresco Starderi,4.4,4414
coffee,16,Vürsù Barbaresco Starderi,4.4,4414
coffee,22,Relentless,4.5,6633
coffee,22,Relentless,4.5,6633
cream,11,Relentless,4.5,6633
coffee,22,La Piu Belle,4.6,13420
coffee,22,La Piu Belle,4.6,13420
cream,14,La Piu Belle,4.6,13420
coffee,52,Pomerol,4.4,13504
toast,16,Pomerol,4.4,13504
coffee,52,Pomerol,4.4,13504
cream,29,Pomerol,4.4,13504
toast,16,Pomerol,4.4,13504
cream,14,Rioja Blanco Reserva,4.4,361
cream,76,Toscana Batar,4.3,4187
toast,19,Toscana Batar,4.3,4187
green apple,13,Toscana Batar,4.3,4187
toast,19,Toscana Batar,4.3,4187
citrus,50,Toscana Batar,4.3,4187
coffee,39,Victorino,4.3,9294
toast,24,Victorino,4.3,9294
coffee,39,Victorino,4.3,9294
cream,15,Victorino,4.3,9294
toast,24,Victorino,4.3,9294
coffee,26,Côte-Rôtie,4.4,7177
coffee,26,Côte-Rôtie,4.4,7177
coffee,27,Bricco dell'Uccellone Barbera d'Asti,4.3,17625
toast,11,Bricco dell'Uccellone Barbera d'Asti,4.3,17625
coffee,27,Bricco dell'Uccellone Barbera d'Asti,4.3,17625
cream,12,Bricco dell'Uccellone Barbera d'Asti,4.3,17625
toast,11,Bricco dell'Uccellone Barbera d'Asti,4.3,17625
toast,22,Vittorio Moretti,4.4,2025
cream,12,Vittorio Moretti,4.4,2025
toast,22,Vittorio Moretti,4.4,2025
citrus,27,Vittorio Moretti,4.4,2025
coffee,13,La Cueva del Contador Rioja,4.3,4013
coffee,13,La Cueva del Contador Rioja,4.3,4013
coffee,23,Mai The First A.Montes Malbec,4.4,6379
coffee,23,Mai The First A.Montes Malbec,4.4,6379
coffee,12,Perpetual,4.3,3809
coffee,12,Perpetual,4.3,3809
toast,57,Capellanía Reserva,4.1,7314
cream,131,Capellanía Reserva,4.1,7314
toast,57,Capellanía Reserva,4.1,7314
green apple,31,Capellanía Reserva,4.1,7314
citrus,157,Capellanía Reserva,4.1,7314
coffee,13,Brunello di Montalcino,4.3,6683
coffee,13,Brunello di Montalcino,4.3,6683
toast,159,Cuvée Nicolas François Billecart Brut Champagne,4.5,6228
green apple,53,Cuvée Nicolas François Billecart Brut Champagne,4.5,6228
cream,134,Cuvée Nicolas François Billecart Brut Champagne,4.5,6228
toast,159,Cuvée Nicolas François Billecart Brut Champagne,4.5,6228
citrus,173,Cuvée Nicolas François Billecart Brut Champagne,4.5,6228
coffee,30,Bolgheri Superiore,4.4,8918
coffee,30,Bolgheri Superiore,4.4,8918
coffee,13,Toscana Camartina,4.3,3673
coffee,13,Toscana Camartina,4.3,3673
coffee,80,Saint-Émilion Grand Cru (Premier Grand Cru Classé),4.3,17090
toast,15,Saint-Émilion Grand Cru (Premier Grand Cru Classé),4.3,17090
coffee,80,Saint-Émilion Grand Cru (Premier Grand Cru Classé),4.3,17090
cream,33,Saint-Émilion Grand Cru (Premier Grand Cru Classé),4.3,17090
toast,15,Saint-Émilion Grand Cru (Premier Grand Cru Classé),4.3,17090
coffee,153,Saint-Julien (Grand Cru Classé),4.3,37174
toast,43,Saint-Julien (Grand Cru Classé),4.3,37174
coffee,153,Saint-Julien (Grand Cru Classé),4.3,37174
cream,56,Saint-Julien (Grand Cru Classé),4.3,37174
toast,43,Saint-Julien (Grand Cru Classé),4.3,37174
coffee,105,Pessac-Léognan (Grand Cru Classé de Graves),4.3,25444
toast,31,Pessac-Léognan (Grand Cru Classé de Graves),4.3,25444
coffee,105,Pessac-Léognan (Grand Cru Classé de Graves),4.3,25444
cream,70,Pessac-Léognan (Grand Cru Classé de Graves),4.3,25444
toast,31,Pessac-Léognan (Grand Cru Classé de Graves),4.3,25444
citrus,29,Pessac-Léognan (Grand Cru Classé de Graves),4.3,25444
citrus,17,Hyde Vineyard Chardonnay,4.4,265
green apple,14,Clos de la Coulée de Serrant,4.3,8365
citrus,65,Clos de la Coulée de Serrant,4.3,8365
toast,12,Clos de la Coulée de Serrant,4.3,8365
cream,45,Clos de la Coulée de Serrant,4.3,8365
toast,12,Clos de la Coulée de Serrant,4.3,8365
coffee,11,Nine Popes,4.3,2118
toast,14,Nine Popes,4.3,2118
coffee,11,Nine Popes,4.3,2118
toast,14,Nine Popes,4.3,2118
cream,68,Puligny-Montrachet,4.3,4548
toast,27,Puligny-Montrachet,4.3,4548
citrus,118,Puligny-Montrachet,4.3,4548
green apple,15,Puligny-Montrachet,4.3,4548
toast,27,Puligny-Montrachet,4.3,4548
cream,11,Cinque Autoctoni Collection Limited Release,4.4,4281
citrus,118,Baron de L Pouilly-Fumé,4.4,9002
green apple,48,Baron de L Pouilly-Fumé,4.4,9002
cream,19,Baron de L Pouilly-Fumé,4.4,9002
coffee,45,Cepparello Red,4.3,12191
toast,11,Cepparello Red,4.3,12191
coffee,45,Cepparello Red,4.3,12191
cream,16,Cepparello Red,4.3,12191
toast,11,Cepparello Red,4.3,12191
cream,17,Vieilles Vignes Meursault,4.2,1426
citrus,33,Vieilles Vignes Meursault,4.2,1426
toast,160,Blanc des Millénaires,4.6,5581
coffee,27,Blanc des Millénaires,4.6,5581
coffee,27,Blanc des Millénaires,4.6,5581
cream,149,Blanc des Millénaires,4.6,5581
toast,160,Blanc des Millénaires,4.6,5581
citrus,181,Blanc des Millénaires,4.6,5581
green apple,66,Blanc des Millénaires,4.6,5581
coffee,13,Barolo Prapò,4.3,2450
coffee,13,Barolo Prapò,4.3,2450
green apple,12,Aile d'Argent Blanc Bordeaux,4.2,4790
citrus,94,Aile d'Argent Blanc Bordeaux,4.2,4790
cream,37,Aile d'Argent Blanc Bordeaux,4.2,4790
coffee,16,Capitel Monte Olmi Amarone della Valpolicella Classico Riserva,4.3,4229
coffee,16,Capitel Monte Olmi Amarone della Valpolicella Classico Riserva,4.3,4229
citrus,41,Tokaji Aszú 3 Puttonyos,4.3,7080
cream,18,Tokaji Aszú 3 Puttonyos,4.3,7080
coffee,15,Vigna Cappella di S. Stefano Perno Barolo,4.4,2514
coffee,15,Vigna Cappella di S. Stefano Perno Barolo,4.4,2514
coffee,12,Barolo Ciabot Mentin Ginestra,4.3,3525
coffee,12,Barolo Ciabot Mentin Ginestra,4.3,3525
citrus,27,Aszú 6 puttonyos,4.5,2450
cream,17,Aszú 6 puttonyos,4.5,2450
citrus,17,Gewürztraminer Lunare,4.3,2732
coffee,12,Amarone della Valpolicella,4.3,4689
coffee,12,Amarone della Valpolicella,4.3,4689
coffee,17,Giramonte Toscana,4.4,1678
coffee,17,Giramonte Toscana,4.4,1678
green apple,27,Belondrade y Lurton,4.4,13567
cream,75,Belondrade y Lurton,4.4,13567
toast,13,Belondrade y Lurton,4.4,13567
toast,13,Belondrade y Lurton,4.4,13567
citrus,105,Belondrade y Lurton,4.4,13567
coffee,16,Domaine des Tourettes Hermitage Rouge,4.3,3806
coffee,16,Domaine des Tourettes Hermitage Rouge,4.3,3806
cream,15,Domaine des Tourettes Hermitage Rouge,4.3,3806
coffee,14,Barolo Riserva Bricco Boschis Vigna San Giuseppe,4.3,4030
coffee,14,Barolo Riserva Bricco Boschis Vigna San Giuseppe,4.3,4030
coffee,21,Trebbiano d'Abruzzo,4.4,5834
green apple,14,Trebbiano d'Abruzzo,4.4,5834
citrus,55,Trebbiano d'Abruzzo,4.4,5834
toast,11,Trebbiano d'Abruzzo,4.4,5834
coffee,21,Trebbiano d'Abruzzo,4.4,5834
cream,27,Trebbiano d'Abruzzo,4.4,5834
toast,11,Trebbiano d'Abruzzo,4.4,5834
coffee,32,La Chapelle de La Mission Haut-Brion Pessac-Léognan,4.2,6754
coffee,32,La Chapelle de La Mission Haut-Brion Pessac-Léognan,4.2,6754
coffee,15,Il Bricco Barbaresco,4.3,2299
coffee,15,Il Bricco Barbaresco,4.3,2299
toast,18,Cuvée Risleus Brut Champagne Premier Cru,4.4,415
toast,18,Cuvée Risleus Brut Champagne Premier Cru,4.4,415
citrus,34,Giallo d'Arles Greco di Tufo,4.3,3274
coffee,14,Brunello di Montalcino,4.3,7929
coffee,14,Brunello di Montalcino,4.3,7929
coffee,17,Poggio all'Oro Brunello di Montalcino Riserva,4.5,7033
coffee,17,Poggio all'Oro Brunello di Montalcino Riserva,4.5,7033
toast,30,Cava Celler Batlle,4.3,1575
cream,25,Cava Celler Batlle,4.3,1575
toast,30,Cava Celler Batlle,4.3,1575
green apple,15,Cava Celler Batlle,4.3,1575
citrus,26,Cava Celler Batlle,4.3,1575
citrus,80,Ben Ryé Passito di Pantelleria,4.5,21351
cream,35,Ben Ryé Passito di Pantelleria,4.5,21351
coffee,12,Châteauneuf-du-Pape,4.2,13917
coffee,12,Châteauneuf-du-Pape,4.2,13917
cream,11,Châteauneuf-du-Pape,4.2,13917
citrus,28,Le Petit Cheval Bordeaux Blanc,4.4,782
cream,15,Le Petit Cheval Bordeaux Blanc,4.4,782
citrus,45,Buisson Renard,4.3,2119
green apple,16,Buisson Renard,4.3,2119
cream,13,Buisson Renard,4.3,2119
coffee,19,Amarone della Valpolicella Classico,4.3,1670
coffee,19,Amarone della Valpolicella Classico,4.3,1670
cream,19,Chassagne-Montrachet 1er Cru 'La Maltroie',4.3,779
citrus,26,Chassagne-Montrachet 1er Cru 'La Maltroie',4.3,779
green apple,62,Blanc de Blancs Brut Champagne (Vintage),4.3,6400
citrus,143,Blanc de Blancs Brut Champagne (Vintage),4.3,6400
toast,56,Blanc de Blancs Brut Champagne (Vintage),4.3,6400
cream,92,Blanc de Blancs Brut Champagne (Vintage),4.3,6400
toast,56,Blanc de Blancs Brut Champagne (Vintage),4.3,6400
coffee,23,25 anni Montefalco Sagrantino,4.3,5419
coffee,23,25 anni Montefalco Sagrantino,4.3,5419
