id,name,wine_id,ratings_average,ratings_count,year,price_euros,price_discounted_from,price_discount_percentage,bottle_volume_ml
2036,Mazzei Siepi 2005,1471,4.4,580,2005,168.75,,,750
2202,Antinori Tignanello 2005,1652,4.5,1933,2005,750.0,,,1500
10343,Casanova di Neri Tenuta Nuova Brunello di Montalcino 2001,9712,4.5,611,2001,420.0,,,750
10786,Poggio Antico Altero Brunello di Montalcino 2006,10152,4.5,236,2006,121.25,,,750
10809,Château Angelus Saint-Émilion Grand Cru (Premier Grand Cru Classé) 2007,10175,4.5,876,2007,726.25,,,750
11563,Paul Jaboulet Aîné Hermitage La Chapelle Rouge 2006,10922,4.5,927,2006,310.0,,,750
14600,Renato Ratti Barolo Rocche 2004,13904,4.5,256,2004,202.5,,,750
14665,Emidio Pepe Montepulciano d'Abruzzo 2001,13969,4.4,452,2001,248.25,,,750
15887,La Spinetta Vürsù Barbaresco Starderi 2005,15182,4.4,296,2005,262.5,,,750
21786,Renato Ratti Barolo Rocche 2001,13904,0.0,2,2001,276.25,,,750
22753,Poggio Antico Brunello di Montalcino 2004,10151,4.4,647,2004,367.5,,,750
23567,Château Lafite Rothschild Pauillac (Premier Grand Cru Classé) 2000,3908,4.7,1077,2000,2753.75,,,750
23593,Tenuta San Guido Sassicaia 2005,5078,4.6,2896,2005,661.25,,,750
23899,Ornellaia Bolgheri Superiore 2006,22447,4.6,2108,2006,1238.75,,,1500
25310,Château Lafite Rothschild Carruades de Lafite Pauillac 2006,23793,4.4,433,2006,731.25,,,750
30934,Nino Negri 5 Stelle Sfursat 2006,28214,4.4,288,2006,130.0,,,750
72184,Gaja Barbaresco 2006,66104,4.5,544,2006,533.75,,,750
72274,Gaja Sperss Barolo 2004,66194,4.6,577,2004,618.75,,,750
72304,Gaja Darmagi Langhe 2004,66224,4.6,161,2004,420.0,,,750
81794,Rocche dei Manzoni Vigna Cappella di S. Stefano Perno Barolo 2001,19250,4.4,226,2001,148.75,,,750
82142,Louis Roederer Cristal Brut Champagne (Millésimé) 2002,74304,4.7,3475,2002,896.25,,,750
82144,Louis Roederer Cristal Rosé Brut Champagne (Millésimé) 2002,74306,4.7,501,2002,3202.5,,,1500
83768,La Spinetta Vürsù Barbaresco Starderi 2006,15182,4.4,385,2006,256.25,,,750
83863,Gaja Costa Russi (Barbaresco) Langhe 2004,66114,4.7,123,2004,811.25,,,750
84072,Gaja Barbaresco 2004,66104,4.6,970,2004,533.75,,,750
84923,Tenuta San Guido Sassicaia 2000,5078,4.6,2282,2000,1408.75,,,1500
84925,Tenuta San Guido Sassicaia 1998,5078,4.7,1736,1998,1686.25,,,1500
84926,Tenuta San Guido Sassicaia 1997,5078,4.7,1533,1997,747.5,,,750
84928,Tenuta San Guido Sassicaia 1992,5078,4.5,366,1992,618.75,,,750
84930,Tenuta San Guido Sassicaia 1994,5078,4.4,651,1994,618.75,,,750
84934,Tenuta San Guido Sassicaia 1999,5078,4.7,2128,1999,1537.5,,,1500
85048,Conterno Fantino Barolo Ginestra Vigna del Gris 2001,16639,4.5,30,2001,243.75,,,750
85087,Renato Ratti Barolo Rocche 2000,13904,0.0,2,2000,276.25,,,750
85600,La Spinetta Vürsù Barbaresco Valeirano 2003,15184,4.6,127,2003,208.75,,,750
85671,Bertani Amarone della Valpolicella Classico 2000,1835,4.4,548,2000,212.5,,,750
85958,Paolo Scavino Bric Dël Fiasc Barolo 2005,75764,4.5,341,2005,221.25,,,750
86009,Tua Rita Redigaffi Toscana 2005,75816,4.4,164,2005,493.75,,,750
88086,Gaja Barbaresco 1982,66104,4.5,156,1982,533.75,,,750
88087,Gaja Barbaresco 1988,66104,4.5,170,1988,1025.0,,,1500
88117,Tua Rita Redigaffi Toscana 1995,75816,0.0,11,1995,921.25,,,1500
88144,Gaja Darmagi Langhe 2000,66224,4.6,147,2000,353.75,,,750
88480,Gaja Barbaresco 2005,66104,4.6,932,2005,491.25,,,750
89077,Gaja Costa Russi (Barbaresco) Langhe 1999,66114,4.6,163,1999,1387.5,,,1500
89092,Arnaldo-Caprai 25 anni Montefalco Sagrantino 2001,23094,4.4,143,2001,85.0,,,750
89142,Gaja Sorì Tildìn (Barbaresco) Langhe 2003,66134,4.6,155,2003,597.5,,,750
89674,Gaja Barbaresco 1995,66104,4.4,217,1995,512.5,,,750
89681,Gaja Sorì Tildìn (Barbaresco) Langhe 1999,66134,4.6,207,1999,811.25,,,750
89692,Antinori Tignanello 1997,1652,4.6,1103,1997,491.25,,,750
90829,Louis Roederer Cristal Brut Champagne (Millésimé) 1999,74304,4.7,666,1999,1900.0,,,1500
90899,Louis Roederer Cristal Brut Champagne (Millésimé) 2000,74304,4.6,959,2000,630.0,,,750
91156,Château Lafite Rothschild Pauillac (Premier Grand Cru Classé) 1997,3908,4.7,753,1997,1238.75,,,750
91205,Château Lafite Rothschild Pauillac (Premier Grand Cru Classé) 1986,3908,4.7,1273,1986,5977.5,,,1500
91207,Château Lafite Rothschild Pauillac (Premier Grand Cru Classé) 1992,3908,4.5,449,1992,1082.55,,,750
91211,Château Lafite Rothschild Pauillac (Premier Grand Cru Classé) 1977,3908,4.5,134,1977,635.25,,,750
91236,Lisini Brunello di Montalcino 2004,17474,4.4,177,2004,142.5,,,750
91355,Poggio Antico Altero Brunello di Montalcino 2004,10152,4.5,642,2004,123.75,,,750
91589,Cordero di Montezemolo Barolo Bricco Gattera 2004,8793,4.5,46,2004,250.0,,,750
91796,Caymus Special Selection Cabernet Sauvignon 1997,66294,4.6,299,1997,397.5,,,750
92522,Gaja Sperss Barolo 2005,66194,4.6,597,2005,533.75,,,750
93560,La Spinetta Vürsù Barbaresco Starderi 2004,15182,4.4,261,2004,307.5,,,750
93707,Château Lafite Rothschild Pauillac (Premier Grand Cru Classé) 2003,3908,4.8,1000,2003,1900.0,,,750
93711,Château Lafite Rothschild Pauillac (Premier Grand Cru Classé) 2002,3908,4.6,1332,2002,1387.5,,,750
93713,Château Lafite Rothschild Pauillac (Premier Grand Cru Classé) 2004,3908,4.7,981,2004,1473.75,,,750
94895,Billecart-Salmon Cuvée Nicolas François Billecart Brut Champagne 1998,79835,4.4,314,1998,360.0,,,750
94978,Le Macchiole Scrio 2004,16419,4.5,121,2004,243.75,,,750
94980,Le Macchiole Messorio 2005,16418,4.7,248,2005,420.0,,,750
94988,Antinori Tignanello 2003,1652,4.5,1028,2003,840.0,,,1500
95022,Isole e Olena Cepparello Red 2003,77462,4.4,245,2003,148.75,,,750
95147,Antinori Tignanello 1989,1652,4.5,110,1989,287.5,,,750
95223,Gaja Barbaresco 2000,66104,4.6,571,2000,491.25,,,750
95390,Le Macchiole Messorio 2004,16418,4.6,271,2004,618.75,,,750
98282,Krug Clos du Mesnil 1990,79635,4.7,147,1990,5017.5,,,750
98452,Krug Collection 1990,79633,4.7,207,1990,2455.0,,,750
99259,Giacomo Conterno Barolo Cascina Francia 2006,82203,4.5,426,2006,597.5,,,750
99861,Château Pape Clément Pessac-Léognan (Grand Cru Classé de Graves) 2006,82613,4.4,1415,2006,150.05,,,750
99949,Biondi-Santi Brunello di Montalcino Riserva 2001,82698,4.6,136,2001,795.0,,,750
101629,Domaine de La Romanée-Conti Romanée-Saint-Vivant Grand Cru (Marey-Monge) 1993,83920,4.6,106,1993,8463.75,,,750
102294,Domaine des Lambrays Clos des Lambrays Grand Cru 2005,84732,4.4,283,2005,1878.75,,,1500
103259,Giacomo Conterno Barolo Riserva Monfortino 1998,82199,4.7,128,1998,2747.5,,,750
104159,Château Gruaud Larose Saint-Julien (Grand Cru Classé) 2005,79265,4.4,1800,2005,205.0,,,750
105812,Château Rayas Châteauneuf-du-Pape 2006,87552,4.7,869,2006,3308.75,,,750
108888,Dal Forno Romano Amarone della Valpolicella Monte Lodoletta 2003,89750,4.7,355,2003,683.75,,,750
108891,Dal Forno Romano Valpolicella Superiore Monte Lodoletta 2004,89753,4.5,581,2004,243.75,,,750
108892,Dal Forno Romano Recioto della Valpolicella (Monte Lodoletta) 1997,89754,4.7,75,1997,376.25,,,375
112003,Domenico Clerico Barolo Ciabot Mentin Ginestra 2006,92702,4.4,225,2006,168.75,,,750
114126,Castello del Terriccio Lupicaia 2006,94816,4.5,408,2006,243.75,,,750
114222,Leonetti Cabernet Sauvignon 2006,94912,4.7,64,2006,201.25,,,750
115657,Dal Forno Romano Amarone della Valpolicella Monte Lodoletta 2001,89750,4.7,266,2001,795.0,,,750
115658,Dal Forno Romano Amarone della Valpolicella Monte Lodoletta 2002,89750,4.7,217,2002,786.25,,,750
115660,Dal Forno Romano Valpolicella Superiore Monte Lodoletta 2003,89753,4.5,405,2003,212.5,,,750
115690,Castello di Ama L'Apparita 1995,89900,4.5,104,1995,287.5,,,750
115741,Domaine des Lambrays Clos des Lambrays Grand Cru 2002,84732,4.5,303,2002,1686.25,,,1500
115801,Château Doisy-Daëne L'Extravagant de Doisy-Daëne Sauternes 2006,96337,0.0,24,2006,276.25,,,375
119990,Nicolas Joly Clos de la Coulée de Serrant 2008,100492,4.4,262,2008,265.0,,,750
752644,Antinori Tenuta Tignanello 'Solaia' 1997,1651,4.7,1061,1997,1473.75,,,1500
755214,Quintarelli Giuseppe Veneto Rosso del Bepi 1999,84068,4.5,320,1999,243.75,,,750
799347,Domaine Sylvain Cathiard Vosne-Romanée 1er Cru 'Aux Malconsorts' 2008,779441,4.5,36,2008,2092.5,,,750
1122383,Antinori Tenuta Tignanello 'Solaia' 1999,1651,4.6,670,1999,1387.5,,,1500
1125282,Casanova di Neri Cerretalto Brunello di Montalcino 2004,81836,4.6,633,2004,533.75,,,750
1125473,Louis Roederer Cristal Brut Champagne (Millésimé) 2008,74304,4.7,4757,2008,2071.25,,,1500
1132134,Krug Vintage 2008,79631,4.6,1193,2008,1260.0,,,750
1137877,Krug Clos du Mesnil 1998,79635,4.8,235,1998,3522.5,,,750
1148143,Renato Ratti Barolo Rocche 2006,13904,4.4,331,2006,208.75,,,750
1148430,Mocali Brunello di Montalcino Riserva 2003,1125957,0.0,1,2003,127.5,,,750
1149754,Conterno Fantino Barolo Sorì Ginestra 2008,16637,4.4,262,2008,271.25,,,750
1150861,Château Margaux Château Margaux (Premier Grand Cru Classé) 2009,1127795,4.7,594,2009,1067.5,,,750
1150867,Krug Collection 1995,79633,4.6,138,1995,2028.75,,,750
1151187,Burmester Colheita Port 1975,76378,4.5,302,1975,147.82,,,750
1152271,Grattamacco Bolgheri Superiore 2005,87674,4.4,164,2005,291.25,,,750
1152340,Dal Forno Romano Amarone della Valpolicella Monte Lodoletta 2008,89750,4.7,966,2008,697.5,,,750
1156454,Château Trotanoy Pomerol 2005,1098770,4.5,325,2005,747.5,,,750
1160136,Château de Beaucastel Châteauneuf-du-Pape 2009,1134803,4.4,2403,2009,310.0,,,750
1161459,Salon Le Mesnil Blanc de Blancs (Cuvée S) Brut Champagne 1996,1127349,4.8,1004,1996,2882.5,,,750
1165193,Château Léoville Las Cases Saint-Julien (Grand Cru Classé) 2007,81848,4.4,724,2007,406.25,,,750
1166266,Petrolo Galatrona 2007,16833,4.5,439,2007,310.0,,,750
1166340,Antinori Tenuta Tignanello 'Solaia' 2007,1651,4.7,1564,2007,668.75,,,750
1168909,Gaja Barbaresco 2008,66104,4.5,1290,2008,470.0,,,750
1176241,Gaja Sorì San Lorenzo 2006,66144,4.5,212,2006,917.5,,,750
1179277,Chateau Palmer Grand Vin de Château Palmer (Grand Cru Classé) 1999,9220,4.5,1132,1999,630.0,,,750
1180516,Tenuta San Guido Sassicaia 2008,5078,4.6,4327,2008,618.75,,,750
1181037,Le Macchiole Messorio 2007,16418,4.4,325,2007,420.0,,,750
1183163,Château Lafite Rothschild Carruades de Lafite Pauillac 2009,23793,4.4,738,2009,686.4,,,750
1183164,Vieux Château Certan Pomerol 2009,81849,4.6,354,2009,423.5,,,750
1186199,Antinori Tignanello 1998,1652,4.5,937,1998,820.0,,,1500
1186205,Château Cheval Blanc Saint-Émilion Grand Cru (Premier Grand Cru Classé) 2004,1148747,4.6,1392,2004,1173.75,,,750
1186404,Château Haut-Brion Pessac-Léognan Blanc (Grand Cru Classé de Graves) 2009,1148846,4.6,49,2009,2028.75,,,750
1191229,Tenuta San Guido Sassicaia 2007,5078,4.6,3612,2007,597.5,,,750
1192712,Château La Fleur-Pétrus Pomerol 2010,1098981,4.6,597,2010,576.25,,,750
1195234,Château Margaux Château Margaux (Premier Grand Cru Classé) 2001,1127795,4.7,1462,2001,1173.75,,,750
1196152,Château Haut-Brion Pessac-Léognan (Premier Grand Cru Classé) 2006,1152755,4.6,1312,2006,2455.0,,,1500
1196730,Paul Hobbs Beckstoffer To Kalon Vineyard Cabernet Sauvignon 2005,87360,4.5,65,2005,260.0,,,750
1198346,Vilafonté Series C 2007,16220,4.5,95,2007,65.0,,,750
1199014,Domaine des Lambrays Clos des Lambrays Grand Cru 2009,84732,4.4,444,2009,896.25,,,750
1199763,Château Lafite Rothschild Pauillac (Premier Grand Cru Classé) 2011,3908,4.5,941,2011,1625.0,,,750
1201600,Domaine Arnoux-Lachaux Romanée-Saint-Vivant Grand Cru 2008,1156988,0.0,17,2008,3202.5,,,750
1202158,Pio Cesare Ornato Barolo 2006,22555,4.5,200,2006,212.5,,,750
1203040,Gaja Barbaresco 2007,66104,4.6,676,2007,688.75,,,750
1203298,Château Margaux Château Margaux (Premier Grand Cru Classé) 1998,1127795,4.7,1869,1998,1173.75,,,750
1204366,Château Lafite Rothschild Pauillac (Premier Grand Cru Classé) 1999,3908,4.7,1676,1999,1451.25,,,750
1206818,Pio Cesare Ornato Barolo 2008,22555,4.5,397,2008,178.75,,,750
1209030,Gaja Barbaresco 1997,66104,4.7,627,1997,597.5,,,750
1209267,Paolo Scavino Bric Dël Fiasc Barolo 2000,75764,4.4,178,2000,243.75,,,750
1212205,Callejo Félix Callejo (Viñedos de la Familia) 2005,14882,4.5,212,2005,304.5,,,750
1215713,Petrolo Galatrona 2008,16833,4.4,433,2008,212.5,,,750
1215922,Gaja Barbaresco 1998,66104,4.6,733,1998,470.0,,,750
1218420,Gaja Sorì San Lorenzo 2001,66144,4.6,198,2001,1025.0,,,750
1219332,Biondi-Santi Brunello di Montalcino Riserva 2004,82698,4.7,313,2004,921.25,,,750
1220145,Leonetti Cabernet Sauvignon 2008,94912,4.6,125,2008,178.75,,,750
1224189,Veuve Clicquot La Grande Dame Brut Champagne 2008,79836,4.5,2702,2008,832.5,,,1500
1229430,Antinori Tignanello 2009,1652,4.5,6923,2009,331.25,,,750
1230856,Château Margaux Château Margaux (Premier Grand Cru Classé) 2011,1127795,4.6,747,2011,753.4,,,750
1234433,Bruno Rocca Barbaresco Rabajà 2007,88470,4.5,176,2007,221.25,,,750
1235926,Gaja Sperss Barolo 2008,66194,4.6,563,2008,470.0,,,750
1238726,Le Macchiole Scrio 2008,16419,4.4,144,2008,201.25,,,750
1240819,Château Haut-Brion Pessac-Léognan (Premier Grand Cru Classé) 2008,1152755,4.6,739,2008,1046.25,,,750
1241294,Château de Beaucastel Châteauneuf-du-Pape 2007,1134803,4.4,2043,2007,168.75,,,750
1241584,Château Lynch-Bages Pauillac (Grand Cru Classé) 1990,79262,4.6,1319,1990,618.75,,,750
1242165,Le Macchiole Messorio 2008,16418,4.5,317,2008,420.0,,,750
1242749,Michele Chiarlo Barolo Cerequio 2006,86578,4.4,236,2006,150.0,,,750
1243782,Château Rayas Châteauneuf-du-Pape 2008,87552,4.7,754,2008,2967.5,,,750
1244762,Tenuta Argentiera Giorgio Bartholomäus 2008,1183244,4.5,99,2008,616.25,,,750
1250775,Dal Forno Romano Amarone della Valpolicella Monte Lodoletta 2000,89750,4.7,276,2000,731.25,,,750
1253414,Gaja Sperss Barolo 1998,66194,4.6,555,1998,961.25,,,1500
1254404,Château La Fleur-Pétrus Pomerol 1998,1098981,4.5,445,1998,683.75,,,750
1258115,Tenuta Luce Luce 2005,83594,4.4,365,2005,232.5,,,750
1258650,Salon Le Mesnil Blanc de Blancs (Cuvée S) Brut Champagne 1997,1127349,4.7,1325,1997,2541.25,,,750
1261602,Château Cheval Blanc Saint-Émilion Grand Cru (Premier Grand Cru Classé) 1993,1148747,4.6,667,1993,961.25,,,750
1262760,Antinori Tenuta Guado al Tasso Bolgheri Superiore 1999,1658,4.4,750,1999,555.0,,,1500
1263739,Bollinger R.D Extra Brut Champagne (Récemment Dégorgé) 2008,1164702,4.6,81,2008,299.99,,,750
1264718,Gaja Costa Russi (Barbaresco) Langhe 1985,66114,4.7,36,1985,961.25,,,750
1265300,Dal Forno Romano Amarone della Valpolicella Monte Lodoletta 1995,89750,4.8,88,1995,808.75,,,750
1267469,Château Lafite Rothschild Pauillac (Premier Grand Cru Classé) 2008,3908,4.5,753,2008,2676.75,,,750
1271161,Gaja Sorì Tildìn (Barbaresco) Langhe 2004,66134,4.6,182,2004,961.25,,,750
1275961,Gaja Barbaresco 1989,66104,4.5,213,1989,1601.25,,,1500
1276605,Château Margaux Château Margaux (Premier Grand Cru Classé) 2002,1127795,4.6,1292,2002,1046.25,,,750
1281568,Chateau de Fonsalette Réserve Côtes-du-Rhône 2011,1191704,4.5,137,2011,961.25,,,750
1281955,Biondi-Santi Brunello di Montalcino Riserva 2008,82698,4.6,163,2008,1478.75,,,750
1282334,Tenuta San Guido Sassicaia 2011,5078,4.6,7165,2011,661.25,,,750
1282716,Giacomo Conterno Barolo Cascina Francia 2007,82203,4.6,432,2007,1110.0,,,1500
1286336,Château Gazin Pomerol 2009,18555,4.4,601,2009,155.0,180.0,13.89,750
1289045,Château Margaux Château Margaux (Premier Grand Cru Classé) 2007,1127795,4.6,1062,2007,1173.75,,,750
1289459,Cordero di Montezemolo Barolo Enrico VI 2007,8794,4.4,173,2007,148.75,,,750
1289668,Antinori Tenuta Guado al Tasso Bolgheri Superiore 1997,1658,4.5,411,1997,310.0,,,750
1292680,Dal Forno Romano Amarone della Valpolicella Monte Lodoletta 2006,89750,4.7,1269,2006,616.25,,,750
1294244,Leonetti Cabernet Sauvignon 2004,94912,4.6,36,2004,221.25,,,750
1294375,Château Angelus Saint-Émilion Grand Cru (Premier Grand Cru Classé) 1998,10175,4.6,703,1998,1046.25,,,750
1296044,Ceretto Barolo Brunate 2007,7135,4.4,189,2007,305.1,,,750
1296442,Tua Rita Redigaffi Toscana 2009,75816,4.5,256,2009,491.25,,,750
1298624,Tenuta Luce Luce 2007,83594,4.4,358,2007,413.75,,,750
1299205,Ornellaia Bolgheri Superiore 1998,22447,4.6,1211,1998,425.0,,,750
1300262,Ceretto Barolo Brunate 2004,7135,4.5,142,2004,165.0,,,750
1300569,Château Haut-Brion Pessac-Léognan (Premier Grand Cru Classé) 2004,1152755,4.6,1947,2004,1003.75,,,750
1302694,Fonseca Vintage Port 2000,1206377,4.5,145,2000,101.0,,,750
1304851,Antinori Tignanello 2011,1652,4.5,9926,2011,353.75,,,750
1305511,Château Cheval Blanc Saint-Émilion Grand Cru (Premier Grand Cru Classé) 2002,1148747,4.7,473,2002,1046.25,,,750
1305985,Tua Rita Redigaffi Toscana 2011,75816,4.5,248,2011,555.0,,,750
1306000,Château Haut-Brion Pessac-Léognan (Premier Grand Cru Classé) 1998,1152755,4.6,1482,1998,1046.25,,,750
1306536,Dal Forno Romano Amarone della Valpolicella Monte Lodoletta 1999,89750,4.7,205,1999,728.75,,,750
1306724,Antinori Tignanello 1978,1652,4.6,101,1978,376.25,,,750
1307260,Domaine Armand Rousseau Chambertin Grand Cru 2001,88177,4.6,135,2001,7493.75,,,750
1307670,Joseph Phelps Vineyards Insignia 1999,16587,4.6,440,1999,353.75,,,750
1308545,Pétrus Pomerol 1982,1166837,4.7,1361,1982,9180.0,,,750
1309167,Château l'Évangile Pomerol 2008,1108737,4.4,384,2008,353.75,,,750
1309773,Ceretto Barolo Bricco Rocche 2006,7133,4.5,338,2006,325.0,,,750
1309849,Gaja Sorì Tildìn (Barbaresco) Langhe 2006,66134,4.6,224,2006,917.5,,,750
1311817,Ornellaia Bolgheri Superiore 1994,22447,4.5,364,1994,961.25,,,1500
1312080,Dal Forno Romano Valpolicella Superiore Monte Lodoletta 1995,89753,4.5,49,1995,276.25,,,750
1313679,Château Clinet Pomerol 2009,95444,4.6,436,2009,762.0,,,750
1313855,Poggio Antico Brunello di Montalcino Riserva 2003,10154,4.6,287,2003,238.75,,,750
1316561,Casanova di Neri Cerretalto Brunello di Montalcino 1997,81836,4.6,263,1997,491.25,,,750
1316676,Antinori Tenuta Tignanello 'Solaia' 2009,1651,4.7,2186,2009,705.0,,,750
1317121,Château Trotanoy Pomerol 1995,1098770,4.5,327,1995,533.75,,,750
1317676,Leonetti Cabernet Sauvignon 2009,94912,4.5,163,2009,201.25,,,750
1321071,Tenuta di Trinoro Toscana Rosso 2004,1169881,4.6,102,2004,811.25,,,1500
1322132,Château Cheval Blanc Saint-Émilion Grand Cru (Premier Grand Cru Classé) 2011,1148747,4.6,779,2011,1025.0,,,750
1326300,J.M. Boillot Puligny-Montrachet Premier Cru Champ-Canet 2006,75378,0.0,15,2006,221.25,,,750
1330057,Château Haut-Brion Pessac-Léognan (Premier Grand Cru Classé) 2009,1152755,4.7,628,2009,1601.25,,,750
1331453,Ornellaia Bolgheri Superiore 1999,22447,4.6,954,1999,340.0,,,750
1332839,Tenuta San Guido Sassicaia 1976,5078,4.6,38,1976,1707.5,,,750
1337052,Tua Rita Redigaffi Toscana 2008,75816,4.6,279,2008,470.0,,,750
1338352,Trimbach Clos Sainte Hune Riesling Alsace 2005,1182677,4.5,176,2005,618.75,,,750
1339254,Tenuta Castiglioni Giramonte Toscana 2009,20985,4.4,214,2009,140.0,,,750
1344874,Valentini Montepulciano d'Abruzzo 2000,1105697,4.6,117,2000,747.5,,,750
1346926,Tenuta Luce Luce Brunello di Montalcino 2005,83595,4.4,230,2005,211.3,,,750
1347152,Château Pontet-Canet Pauillac (Grand Cru Classé) 2009,14362,4.7,3275,2009,597.5,,,750
1351129,Castello del Terriccio Lupicaia 2005,94816,4.4,165,2005,216.25,,,750
1351130,Castello del Terriccio Lupicaia 2004,94816,4.5,482,2004,256.25,,,750
1352893,Ornellaia Bolgheri Superiore 2001,22447,4.6,1330,2001,1238.75,,,1500
1354455,Château de Beaucastel Châteauneuf-du-Pape 2006,1134803,4.4,1841,2006,168.75,,,750
1355780,Château Léoville Las Cases Saint-Julien (Grand Cru Classé) 2001,81848,4.5,892,2001,533.75,,,750
1360490,Querciabella Toscana Camartina 2004,6942,4.4,310,2004,201.25,,,750
1361140,Château Haut-Brion Pessac-Léognan (Premier Grand Cru Classé) 1999,1152755,4.6,1472,1999,1046.25,,,750
1361144,Château Haut-Brion Pessac-Léognan (Premier Grand Cru Classé) 2002,1152755,4.5,1319,2002,896.25,,,750
1361962,Antinori Tignanello 1988,1652,4.5,216,1988,470.0,,,750
1362347,Château Trotanoy Pomerol 2000,1098770,4.6,341,2000,790.0,,,750
1365793,Château Cheval Blanc Saint-Émilion Grand Cru (Premier Grand Cru Classé) 2006,1148747,4.6,1061,2006,795.0,,,750
1369680,Tenuta San Guido Sassicaia 1988,5078,4.6,517,1988,2668.75,,,1500
1371256,Domaine Ponsot Clos de la Roche Grand Cru Cuvée Vieilles Vignes 2009,85063,4.5,102,2009,1430.0,,,750
1372250,Gaja Sperss Barolo 1989,66194,4.6,170,1989,832.5,,,750
1374970,Valdicava Brunello di Montalcino Riserva Madonna del Piano 2001,1242989,4.7,246,2001,1046.25,,,1500
1380687,Biondi-Santi Brunello di Montalcino Riserva 1998,82698,4.6,188,1998,695.0,,,750
1384432,Harlan Estate Harlan Estate Red 1998,1218210,4.8,104,1998,1921.25,,,750
1387660,Le Macchiole Paleo Rosso 1993,16414,0.0,16,1993,178.75,,,750
1389527,Capannelle Solare Toscana 1997,1647,4.5,54,1997,150.0,,,750
1389844,Valentini Trebbiano d'Abruzzo 2009,1105696,4.4,201,2009,420.0,,,750
1390868,Tenuta San Guido Sassicaia 2012,5078,4.6,7410,2012,493.8,,,750
1394403,Château Haut-Brion Pessac-Léognan (Premier Grand Cru Classé) 1997,1152755,4.5,832,1997,2028.75,,,1500
1398100,Château d'Yquem Sauternes 2005,1153863,4.7,1858,2005,928.3,,,750
1407750,Tenuta San Guido Sassicaia 1980,5078,4.5,100,1980,961.25,,,750
1408176,Domaine Armand Rousseau Chambertin Grand Cru 2002,88177,4.7,133,2002,10960.0,,,750
1408644,Ceretto Barolo Bricco Rocche 2005,7133,4.5,432,2005,273.75,,,750
1409704,Château Margaux Château Margaux (Premier Grand Cru Classé) 2010,1127795,4.7,641,2010,1077.51,,,750
1411312,Krug Vintage 2002,79631,4.7,1266,2002,1800.0,,,1500
1411331,Ornellaia Bolgheri Superiore 2005,22447,4.7,1326,2005,425.0,,,750
1412578,Biondi-Santi Brunello di Montalcino Riserva 1967,82698,0.0,7,1967,961.25,,,750
1418050,Ornellaia Bolgheri Superiore 2007,22447,4.7,2181,2007,533.75,,,750
1421010,Gaja Sorì San Lorenzo 2000,66144,4.6,179,2000,1558.75,,,1500
1422378,Tua Rita Redigaffi Toscana 2003,75816,4.5,96,2003,512.5,,,750
1426935,Château Haut-Brion Pessac-Léognan (Premier Grand Cru Classé) 2012,1152755,4.7,807,2012,1110.0,,,750
1428206,Poggio Antico Altero Brunello di Montalcino 2007,10152,4.4,595,2007,112.5,,,750
1428243,Castello Romitorio Brunello di Montalcino Riserva 2007,13978,4.5,279,2007,168.75,,,750
1429690,Castello di Ama L'Apparita 1998,89900,4.5,102,1998,630.0,,,1500
1429691,Castello di Ama L'Apparita 1996,89900,4.6,116,1996,287.5,,,750
1432574,Château Lafite Rothschild Pauillac (Premier Grand Cru Classé) 1991,3908,4.6,302,1991,1339.7,,,750
1433049,Vilafonté Series C 2010,16220,4.5,246,2010,74.0,,,750
1434526,Sena Aconcagua Valley 2009,25474,4.5,1037,2009,140.2,,,750
1434846,Château l'Évangile Pomerol 1990,1108737,4.6,302,1990,411.4,,,750
1434857,Didier Dagueneau (Louis-Benjamin Dagueneau) Silex 2007,1257923,4.5,339,2007,1495.0,,,1500
1435191,Altesino Brunello di Montalcino  Montosoli 2007,77472,4.4,402,2007,202.5,,,750
1435261,Château Rieussec Sauternes (Premier Grand Cru Classé) 2009,1135215,4.4,1195,2009,92.95,,,750
1435385,Quinta do Vale Meão Vintage Port 2007,1136945,4.5,56,2007,62.95,,,750
1443139,Château Doisy-Daëne L'Extravagant de Doisy-Daëne Sauternes 2001,96337,4.9,32,2001,397.5,,,375
1446899,Biondi-Santi Brunello di Montalcino Riserva 1997,82698,4.6,250,1997,895.0,,,750
1453562,Cavallotto Barolo Riserva Bricco Boschis Vigna San Giuseppe 2001,1130208,4.4,204,2001,397.5,,,750
1457989,Ferrari 'Giulio Ferrari' Riserva del Fondatore 1995,1256452,4.7,59,1995,747.5,,,750
1457990,Ferrari 'Giulio Ferrari' Riserva del Fondatore 2010,1256452,4.5,92,2010,310.0,,,750
1460844,Ornellaia Bolgheri Superiore 1993,22447,4.5,339,1993,448.75,,,750
1468211,Antinori Tignanello 2010,1652,4.5,8817,2010,420.0,,,750
1469472,Laurent-Perrier Brut Cuvée Champagne Rosé,8305,4.4,36681,N.V.,72.0,,,750
1477102,Tenuta San Guido Sassicaia 1991,5078,4.4,252,1991,618.75,,,750
1477318,Ornellaia Bolgheri Superiore 1987,22447,4.7,37,1987,618.75,,,750
1477440,Château d'Yquem Sauternes 2006,1153863,4.7,1002,2006,595.0,,,750
1479366,Dom Pérignon Brut Champagne 2000,86684,4.6,5945,2000,638.83,,,750
1485238,Krug Rosé,79632,4.6,3605,N.V.,349.0,,,750
1485772,Castello di Ama L'Apparita 2007,89900,4.4,239,2007,353.75,,,750
1485973,Château Cheval Blanc Saint-Émilion Grand Cru (Premier Grand Cru Classé) 2009,1148747,4.7,487,2009,1164.36,,,750
1487737,Château d'Yquem Sauternes 1983,1153863,4.7,752,1983,811.25,,,750
1488742,Ruinart Brut Rosé Champagne,1148298,4.4,21147,N.V.,49.61,,,375
1490694,Dal Forno Romano Amarone della Valpolicella Monte Lodoletta 1990,89750,4.6,41,1990,1761.25,,,750
1492543,Dal Forno Romano Amarone della Valpolicella Monte Lodoletta 2010,89750,4.7,522,2010,747.5,,,750
1497781,Château Rayas Châteauneuf-du-Pape 2004,87552,4.6,669,2004,2967.5,,,750
1503292,Valentini Montepulciano d'Abruzzo 2006,1105697,4.4,189,2006,618.75,,,750
1504379,Billecart-Salmon Blanc de Blancs Brut Champagne Grand Cru,15617,4.4,5553,N.V.,92.95,,,750
1506241,Antinori Tenuta Guado al Tasso Bolgheri Superiore 1998,1658,4.4,415,1998,533.75,,,1500
1508173,Gaja Conteisa Langhe 2009,66184,4.5,157,2009,239.0,,,750
1509754,Marqués de Murrieta Castillo Ygay Gran Reserva Especial Tinto 2011,11001,4.6,767,2011,235.0,,,750
1514116,Ca' del Bosco Cuvée Annamaria Clementi (Extra Brut) 2004,23130,4.5,478,2004,212.5,,,750
1515373,Vega Sicilia Unico 2012,77137,4.7,675,2012,410.0,450.0,8.89,750
1526922,Château Lafite Rothschild Carruades de Lafite Pauillac 1990,23793,4.6,294,1990,619.75,,,750
1527879,Krug Vintage 1996,79631,4.7,915,1996,1473.75,,,750
1527965,Pasetti Harimann Montepulciano d'Abruzzo 2001,88757,0.0,18,2001,58.75,,,750
1530622,Ferrari 'Giulio Ferrari' Riserva del Fondatore 2001,1256452,4.6,1038,2001,533.75,,,750
1543251,Borgogno Barolo Riserva 1982,1203557,4.6,561,1982,470.0,,,750
1554466,Laurent-Perrier Grand Siècle Champagne (Grande Cuvée),1238419,4.5,9824,N.V.,183.7,,,750
1561654,Gaja Barbaresco 2009,66104,4.6,777,2009,1046.25,,,1500
1562747,Ornellaia Bolgheri Superiore 2009,22447,4.6,2633,2009,470.0,,,750
1563708,Château Coutet Cuvée Madame Barsac 1989,100694,0.0,10,1989,393.5,,,750
1567509,Avignonesi Vin Santo di Montepulciano 1989,1213,0.0,8,1989,331.25,,,375
1573062,Castello di Ama L'Apparita 2010,89900,4.5,256,2010,397.5,,,750
1575352,Château Tertre Roteboeuf Saint-Émilion Grand Cru 1998,1172486,4.5,182,1998,470.0,,,750
1578220,Domaine des Lambrays Clos des Lambrays Grand Cru 2010,84732,4.5,294,2010,832.5,,,750
1582946,Tenuta San Guido Sassicaia 1979,5078,4.7,109,1979,1173.75,,,750
1583075,Gaja Sorì San Lorenzo 2003,66144,4.7,141,2003,597.5,,,750
1595758,Château Trotanoy Pomerol 2009,1098770,4.5,225,2009,618.75,,,750
1597812,La Grange des Pères Vin de Pays de l'Hérault 2011,779852,4.6,863,2011,683.75,,,750
1598333,Biondi-Santi Brunello di Montalcino Riserva 1988,82698,4.7,39,1988,1046.25,,,750
1599557,Château Lafite Rothschild Pauillac (Premier Grand Cru Classé) 2010,3908,4.5,711,2010,1381.48,,,750
1602232,Château Rayas Châteauneuf-du-Pape 2001,87552,4.7,697,2001,3395.0,,,750
1614876,Gaja Sperss Barolo 1995,66194,4.6,211,1995,491.25,,,750
1615144,Domaine de La Romanée-Conti Romanée-Saint-Vivant Grand Cru (Marey-Monge) 1999,83920,4.7,183,1999,10217.5,,,750
1643643,Avignonesi Vin Santo di Montepulciano 1994,1213,0.0,11,1994,287.5,,,375
1655958,Giacomo Conterno Barolo Cascina Francia 2010,82203,4.5,183,2010,747.5,,,750
1660178,Château Rayas Châteauneuf-du-Pape 2000,87552,4.6,476,2000,3266.25,,,750
1661353,Krug Collection 1989,79633,4.7,184,1989,2241.25,,,750
1661422,Ornellaia Bolgheri Superiore 2011,22447,4.6,3168,2011,491.25,,,750
1677016,Ornellaia Bolgheri Superiore 2002,22447,4.6,769,2002,360.0,,,750
1680620,Dugat-Py Charmes-Chambertin Grand Cru 2006,86666,4.6,28,2006,1025.0,,,750
1682066,Dom Pérignon Brut Champagne 2004,86684,4.6,14650,2004,460.0,,,750
1682257,Opus One Opus One 2012,1911534,4.6,7035,2012,455.17,,,750
1682343,Louis Roederer Cristal Brut Champagne (Millésimé) 2009,74304,4.6,5816,2009,482.5,,,750
1685567,Le Macchiole Messorio 2009,16418,4.5,355,2009,420.0,,,750
1687137,Chateau Palmer Grand Vin de Château Palmer (Grand Cru Classé) 2012,9220,4.5,622,2012,450.0,,,750
1687138,Chateau Palmer Grand Vin de Château Palmer (Grand Cru Classé) 2010,9220,4.6,699,2010,832.5,,,750
1687141,Chateau Palmer Grand Vin de Château Palmer (Grand Cru Classé) 2011,9220,4.5,577,2011,470.0,,,750
1687614,Ornellaia Bolgheri Superiore 1996,22447,4.6,521,1996,360.0,,,750
1688444,Antinori Tignanello 2012,1652,4.5,10470,2012,331.25,,,750
1688597,Krug Clos du Mesnil 2000,79635,4.8,333,2000,3096.25,,,750
1701407,Biondi-Santi Brunello di Montalcino Riserva 1999,82698,4.6,97,1999,825.0,,,750
1707247,Domaine de La Romanée-Conti Romanée-Saint-Vivant Grand Cru (Marey-Monge) 2006,83920,4.7,264,2006,8743.75,,,750
1709440,Pio Cesare Il Bricco Barbaresco 2010,22554,4.4,197,2010,202.5,,,750
1727006,Emidio Pepe Montepulciano d'Abruzzo 1983,13969,4.4,240,1983,385.5,,,750
1727448,Fontodi Flaccianello della Pieve 2010,22721,4.4,1398,2010,331.25,,,750
1727658,Massolino Barolo Riserva Vigna Rionda 2007,79963,4.4,278,2007,265.0,,,750
1738719,Château Rayas Châteauneuf-du-Pape 2005,87552,4.7,502,2005,3181.25,,,750
1739000,Vega Sicilia Unico Reserva Especial Edición 2009,77136,4.6,110,2009,644.95,,,750
1745465,Masi Campolongo di Torbe Amarone della Valpolicella Classico 2011,21938,4.5,766,2011,233.75,,,750
1745897,Château Ducru-Beaucaillou Saint-Julien (Grand Cru Classé) 2010,61744,4.6,718,2010,533.75,,,750
1746003,Leonetti Cabernet Sauvignon 2001,94912,0.0,24,2001,201.25,,,750
1749808,Louis Roederer Cristal Rosé Brut Champagne (Millésimé) 2012,74306,4.7,303,2012,961.25,,,750
1759474,Pétrus Pomerol 2007,1166837,4.7,755,2007,3800.0,,,750
1767856,Tua Rita Redigaffi Toscana 2010,75816,4.5,221,2010,705.0,,,750
1768167,Leonetti Cabernet Sauvignon 2003,94912,4.6,42,2003,201.25,,,750
1771355,Marchesi di Gresy Barbaresco Gaiun Martinenga 2005,82405,4.4,205,2005,246.25,,,750
1776981,Burmester Tordiz 40 Year Old Tawny Port,76388,4.6,474,N.V.,337.5,,,750
1780187,La Spinetta Vürsù Barolo Campè 2004,1160530,4.5,559,2004,232.5,,,750
1788493,Ceretto Barolo Prapò 2007,7134,4.4,237,2007,206.25,,,750
1791320,Quinta do Noval Vintage Port Nacional 2001,81431,4.8,52,2001,1152.5,,,750
1798403,Zenato Amarone della Valpolicella Classico Riserva (Sergio Zenato) 2009,1127704,4.4,1546,2009,483.75,,,750
1799986,Château Margaux Château Margaux (Premier Grand Cru Classé) 1960,1127795,4.5,25,1960,1173.75,,,750
1815720,Michel Fallon Ozanne Blanc de Blancs Brut Champagne Grand Cru 'Avize',1395198,4.5,484,N.V.,683.75,,,750
1826111,Ornellaia Bolgheri Superiore 1997,22447,4.6,761,1997,390.0,,,750
1830417,Roberto Voerzio Riserva vecchie viti dei Capalot e delle Brunate Barolo 2004,1364597,4.7,32,2004,940.0,,,1500
1835142,Château l'Évangile Pomerol 1999,1108737,4.5,267,1999,420.0,,,750
1835428,Louis Roederer Cristal Brut Champagne (Millésimé) 2012,74304,4.6,3435,2012,533.75,,,750
1840827,Ornellaia Bolgheri Superiore 1986,22447,4.6,35,1986,1173.75,,,1500
1845271,Vega Sicilia Unico 2013,77137,4.7,107,2013,445.0,,,750
1846001,Valentini Montepulciano d'Abruzzo 1995,1105697,4.6,56,1995,790.0,,,750
1848798,Château Lafite Rothschild Carruades de Lafite Pauillac 2010,23793,4.4,773,2010,729.3,,,750
1858157,Castello del Terriccio Lupicaia 2007,94816,4.4,241,2007,298.75,,,750
1862426,Château Angelus Saint-Émilion Grand Cru (Premier Grand Cru Classé) 2001,10175,4.6,707,2001,832.5,,,750
1862550,Château Rayas Châteauneuf-du-Pape 2007,87552,4.7,761,2007,2967.5,,,750
1863862,Ceretto Barolo Brunate 2010,7135,4.5,122,2010,230.0,,,750
1867561,Biserno Lodovico 2008,1320744,4.7,236,2008,683.75,,,750
1867831,Tenuta San Guido Sassicaia 2013,5078,4.6,7103,2013,632.5,,,750
1874069,Gaja Sorì San Lorenzo 1981,66144,0.0,5,1981,705.0,,,750
1889890,Pétrus Pomerol 1990,1166837,4.8,1190,1990,6300.0,,,750
1890145,Ceretto Barolo Bricco Rocche 2009,7133,4.5,143,2009,297.5,,,750
1895632,Didier Dagueneau (Louis-Benjamin Dagueneau) Pur Sang 2006,1313331,4.5,54,2006,397.5,,,750
1897120,Gaja Costa Russi (Barbaresco) Langhe 1988,66114,4.6,32,1988,832.5,,,750
1902564,Château d'Yquem Sauternes 1967,1153863,4.8,330,1967,2455.0,,,750
1905168,Casanova di Neri Tenuta Nuova Brunello di Montalcino 2013,9712,4.5,2350,2013,122.0,,,750
1914452,Veuve Clicquot La Grande Dame Brut Rosé Champagne 1998,1384933,4.7,208,1998,566.25,,,750
1914467,Domaine Leflaive Chevalier-Montrachet Grand Cru 2000,84911,4.7,104,2000,2562.5,,,750
1917123,Mascarello Giuseppe e Figlio Barolo Riserva Monprivato Cà d'Morissio 2003,1146850,4.6,99,2003,832.5,,,750
1917806,Quintarelli Giuseppe Veneto Alzero Cabernet 2000,1194532,4.7,79,2000,1975.0,,,750
1919515,Ornellaia Bolgheri Superiore 1990,22447,4.5,241,1990,618.75,,,750
1921260,Teso La Monja Alabaster 2007,1379762,4.6,160,2007,136.25,,,750
1925116,Château Rayas Châteauneuf-du-Pape Réservé Blanc 2007,87554,4.6,106,2007,1281.25,,,750
1929286,Salon Le Mesnil Blanc de Blancs (Cuvée S) Brut Champagne 2002,1127349,4.7,1290,2002,3181.25,,,750
1932413,Egly-Ouriet Rosé Brut Champagne Grand Cru 'Ambonnay',1370760,4.4,1782,N.V.,121.0,,,750
1934445,Avignonesi Vin Santo di Montepulciano 1991,1213,0.0,9,1991,310.0,,,375
1936485,Armand de Brignac Brut Rosé Champagne,1441825,4.5,830,N.V.,429.0,500.0,14.2,750
1940863,Zenato Amarone della Valpolicella Classico Riserva (Sergio Zenato) 2012,1127704,4.6,722,2012,496.25,,,750
1941165,Pétrus Pomerol 2010,1166837,4.6,491,2010,5800.0,,,750
1944622,Valentini Montepulciano d'Abruzzo 2001,1105697,4.5,101,2001,491.6,,,750
